text,score,source
"As a Knicks fan, the spurs will be a problem for many years to come. They just lack that experience in these kinds of situations, led by the coach. These guys are extremely talented, champaigne, Harper, castle, vassell. Wemby is in a category of his own, they will win championships. It just seems like they have ran into a more experienced and well rounded team who just never gives up. Knicks still have to close out the series, but this will go down as the greatest Knicks team and playoff run of all time in team history. And for sure one of the greatest playoff runs in nba history. They’ve won by 40-50, and been down by 29 and won by 1. I don’t know what else to say. Just a magical season if they win it all.",10,data/threads/1u2ns60.json
This clip is literally the epitome of all this cause and effect. Anything less from Fox is not guarding him at all. Literally cannot guard him without being subject to bullshit foul calls.,319,data/threads/1tmthjd.json
"Bruh one of the comments during the Bills-Jaguars WC game was : “Trevor Lawrence is my brother , if my sister decided to sex-change into a lesbian” I could not think of that insult even if you gave me a week to think about Trevor Lawrence",91,data/threads/1tsj30o.json
"Wow. Instant downvotes 🤣 you are right. I don't have anything against trans people but if have to PICK, i would not pick a trans son 😂 is that a problem now? Also i would not pick to have a disease.. the fuck is with these people...",-2,data/threads/1uc5qu5.json
"Hard to envision them not getting back. This is a very young team that’s already ahead of schedule. Its crazy to think, but this is probably the worst the Spurs will be for the foreseeable future",69,data/threads/1u2ns60.json
"My theory is his style of play makes it so much easier to control game outcomes for sports betting. If the ref can control the game with foul calls, he can keep the score close to increase best placed and decide the winner. That’s why the nba is moving in this direction.",9,data/threads/1tmthjd.json
If the spurs were led by completely different franchise players I’d understand. But Tim Duncan and pop were a big part of all those titles. And eventually a core of manu and Parker there for the remaining few. IMO dynasty doesn’t need to have back to back titles to win it. I certainly didn’t consider the 09-10 lakers to be a dynasty despite the back to back.,257,data/threads/1tsj30o.json
"Especially when you add in the longevity. There have been a lot of freak athletes that have had been a flash in the pan, or never even made it to the pan (this is a crap analogy), because the body isn't designed to do the things they can do. I know the last few years of his career have been plagued by these nagging injuries, but he really avoided anything even moderate in nearly 20 years.",4,data/threads/1ubvqff.json
"I remember watching the 2008(?) playoffs and LeBron had an outrageous breakaway alley oop where the lob was so far out of reach it looked like no chance he could snag it. He was like head height to the rim to reach it, full extension with one arm and finish. Hard to believe that was almost 20 years ago but that's a Bron play that lives rent free in my head. Gonna try to find it.",1,data/threads/1ubvqff.json
"I mean, only in the sense that one of my Spurs teams has provided me with steady entertainment, some truly wonderful moments, and brief periods of disappointment; while the other Spurs team tries to kill me every week.",82,data/threads/1tmthjd.json
"Good news: You are a 7'1"" young player who can ball good, great defense and you were drafted second overall. You've won the chip too. Bad news: There's a 7'5"" player, younger than you, can shoot better than you, can defend better than you, and drafted in the same conference as you. He also hates you specifically.",134,data/threads/1tsj30o.json
"Yeah. When he came out with the defined shoulders and arms.... That man was walking around at 275+ fully clothed. He's not just tall, he is long and wide and just physically ""big"" in a way wemby isn't. He didn't like playing that way, but there was a reason he could go down into the post and bang with Timmy D. Mofo was a twin car nuclear powered locomotive.",11,data/threads/1ubvqff.json
"A coach should have plays in their playbook for all kinds of situations. When you have a huge lead you want to run the clock, which quick 3s do not do. Instead of watching on the sidelines, especially with a young team, a coach should call a timeout and tell his team to run set plays instead of letting their guys run around like headless chickens chucking up any three they can. That was one of the worst coaching jobs I’ve ever seen, especially considering the context.",145,data/threads/1u2ns60.json
"Wining **73 games (89%) is a** milestone in any league, you need generational/historical talent to get there, SGA could be one, but Chet isn't. People forget how the Warriors were changing the NBA in those years, with the splash brothers.",124,data/threads/1tsj30o.json
Always crazy to think that his career tape includes highlights against both fathers and their sons,9,data/threads/1ubvqff.json
"Yeah, I actually couldn't believe he passed it out. I really thought he was going to pull the savvy move and foul Wemby out there. Which would've been infuriating and I would hate him for it but I would get it, he's got to do it to win. But, it seemed like SGA was completely spent from carrying the team offensively all night until Wallace went berserk.",85,data/threads/1tsj30o.json
He was legit probably afraid of Wemby + double team. Almost better to jack it up from there. Surprised he didn’t pass to OG but really there was no way he was passing there. And in a way… he did get it to OG lol,20,data/threads/1u2ns60.json
"Unironically JJ Barea. Made a respectable amount of money in his career, won a ring as a beloved roleplayer, can easily blend in with society, pretty average height in America and not big enough to have to deal with the inconveniences of being NBA sized. Also married to a smoke show Latina.",1,data/threads/1uc5qu5.json
"i love that lebron is the type of player that always try’s to make the RIGHT play. i’m from toronto, so i used to root for vince carter and the biggest thing that bothered me was that he was never aggressive. people used to say, he was in love with the fadeaway but if he just put his head down and drove to the basket all the time, he’d be unstoppable. that’s where i love bron, bron would just take away his weaknesses and not make it a problem. it’s like watching wemby now, i remember in game 4 close to the end. he shot 2x three point shots and missed. and i couldn’t stop cursing at the tv. but bron? oh he probably would have drove to the basket and put his strength on full display.",1,data/threads/1ubvqff.json
"And the Knicks might well still win. That's up for speculation. There is no doubt that being tied 2-2 is more favorable than being down 1-3. And it's also a fact that the Spurs are the first team in Finals history to blow four double-digit leads. I don't state these things to take away from the Knicks. They won the games. What the hell were they suppose to do? Lose them? But, it's tough to believe that the Spurs wouldn't have been in a better position with a HOF coach.",2,data/threads/1ubr597.json
"In the scheme of his life, I have to imagine those two things are not nearly the same level of importance.",75,data/threads/1ubr597.json
"Unironically yes. People keep saying “why doesn’t the NBA fix this???” The answer is exactly what Tim Donaghy said years ago, which is that fouls are the lever by which the league controls the game. You can use them to manufacture outcomes you want and given the NBA is a contact sport, there’s enough legit contact so it’s pretty easy to get away with calling some things but not others. The NBA could stop this nonsense tomorrow. But Adam Silver loves high scoring stat lines regardless of how they’re achieved, as well as the ability to lengthen a series.",125,data/threads/1tmthjd.json
Tbh i still cant believe that for those early cleveland teams the management was so incapable of bringing any legit second option to that team. I remmeber back then watching and think what the actual fuck is no one trying to somehow bring kevin garnet or like a baron davis to that team.There were a insane amount of really elite players playing for some really bad teams.,1,data/threads/1ubvqff.json
You can get aids and sleep with only one person 😅 that is a stupid argument. Aids is no joke. I get that he is doing just fine but there are very rich respected NBA stars without AIDS... I don't see the problem if i skip being a rich guy with aids for fucks sake.,1,data/threads/1uc5qu5.json
"I agree. I felt the winner tonight would win the series. 2-2, the Spurs retake home court advantage and just have to win game 5 and 7 at home. 3-1, it’s hard to believe the Spurs recover mentally from giving up the largest lead in finals history. OG will be remembered for that improbable tip forever if the Knicks close this out. When Brunson took a deep, contested shot with about 3 seconds left, it’s what the Spurs wanted. He is as clutch as they get, but that was a very tough shot. In the paint, the Spurs needed to do one thing - get a hand on the ball and swat it away. But, I will say, remember Divac? Vlade swatted the final shot out to the three point line, and Big Shot Rob Horry caught it and drilled a three to win it. I think Fox getting the steal/loose ball around 15 seconds left up 1 was the pivotal moment. If Fox dribbles that away from the defender, and holds the ball, he’s shooting fts. I know that happened anyway with Castle around 6 seconds left, and he put them up 1 again. But Fox could have put them up 3 with maybe 10 seconds left. And, how was that not over and back on Alverado?",5,data/threads/1u2ns60.json
One of my favorite memories was sitting around the family computer on with my friends watching NBA and NFL highlights on YouTube. One of my friends was a Celtics and was saying how LeBron wasn’t that good and then the very next video we clicked on was like an 8 minute montage of LeBron chase down blocks solely on Rondo and we all were just howling laughing at the odds that our buddy was just talking shit about LeBron and then his favorite player is featured in a block montage from LeBron,1,data/threads/1ubvqff.json
"An article from over a month ago randomly getting aggregated. An incredibly written article by the way, one of the best I've ever read. Most people will not read it because of its length but if you have any attention span left it is fantastic and the experience of reading it cannot be aggregated.",14,data/threads/1ubr597.json
"I think you don't get to the level of guys like Pop and Jordan by being reasonable about things. Without some sort of addiction or obsession with the game and winning, stuff like countless hours of film study or thousands of workouts would get incredibly tedious. It's certainly not for normal people. Makes sense that guys like this just can't ""turn it off"" when it's time to hang it up. Jordan's 2nd retirement is the most striking. He was 35 at the time, which is when nearly every athlete, no matter how great, starts to decline physically. He actually did it and went out on top of the game. Until a few years later, he realized he couldn't stay away. Crazy stuff.",34,data/threads/1ubr597.json
"The East remembers. I’ve never hated a player more than I hated LeBron, genuinely fuck him, I had plenty of reason. Having said that 2016 was the turning point for me too, and I think most other Lebron haters. Thats when it went from hate to admiration. It was like a weight was lifted off my shoulders and I realised there was nothing we could’ve done against him. At that point you just have to give the credit that was long overdue",65,data/threads/1ubvqff.json
i would be so depressed if the hornets finally pulled it all together to the point that they won a championship with a bright and exciting future ahead and everyone on the planet hated us before we even won said championship because we played the biggest bitch made basketball of all time.,7,data/threads/1tmthjd.json
"I know nothing about James, I know when I worked in NYC people were blown away by him. This is the first highlight reel I've seen and I totally get it now, I've never seen anyone play basketball like that.",1,data/threads/1ubvqff.json
Fr if professional sports were called by their own rule books the outcomes would be dramatically different. The NBA is the worst culprit but the NFL and NHL are also dogshit when it comes to manufacturing outcomes.,19,data/threads/1tmthjd.json
"and I would watch it repeatedly. I still randomly watch highlights of his 07 detroit series, the moment all of us cleveland fans knew it was for real for real. the 16 highlights are nice but they can't match the excitement from the early days.",9,data/threads/1ubvqff.json
Someone explain to me why the fuck Wemby wasn’t in the paint? He’s 7”5 and the coach orders him to guard a guard on the perimeter? Not a coach or pro by any means but even I know that’s stupid. He should be left in that area tied to a chair.,151,data/threads/1u2ns60.json
"Yea, manufactured results work for a bit, but people catch on. Would be like doubling the basket size to improve scoring; sure scoring explodes, then after the exciting headlines of records being smashed people would be like ""wait a minute"".",6,data/threads/1tmthjd.json
This is literally the entire reason people hate on him and the Thunder as a whole. Dynatastic teams always have some haters but did people hate Steph to this degree? Lebron? No. That was aesthetically pleasing basketball. This is manipulating the refs and while it's a successful strategy it's cheap and it sucks to watch. He's a superstar he doesn't need to do this crap.,14,data/threads/1tmthjd.json
They went the final 7:02 of the third quarter with 1 bucket. Literally nothing but free throws otherwise lol,66,data/threads/1tsj30o.json
"Always thought that idea was stupid. Not like that makes me a genius, no one besides thunder fans thought that was gonna happen",17,data/threads/1tsj30o.json
"And it’s more than that. He gets easy fucking shots cause guys can’t guard him physically. He can shoot every shot confident he’s either getting an easy shot or free throws. So it compounds on itself. He’s still a top 2 guard in the league without that shit, just cut it out. He’d literally be my favorite player if he didn’t do that shit cause I love the rest of his game so much",170,data/threads/1tmthjd.json
"Absolute nonsense, both you and the commenter above you. I can only assign it to either cope and letting emotions take over or just not knowing ball at all Spurs set soooo many screens, especially 1) trying to get Brunson to defend Fox or other Spurs guards 2) to get Wemby on a smaller player and throw him a high ball as close as possible to the rim That 2nd option is exhausting for Wemby, Knicks did some great blitzing to make that pass to Wemby as hard as possible for Spurs guards. OG did some insane help job. Spurs shots just stopped falling all around. But saying Spurs didn’t try things that they clearly tried is just delusional",10,data/threads/1u2ns60.json
"I think in the NBA, there's this view that you have to request more money or else you don't respect yourself enough. Like, it becomes an ego/identity thing. And then if the team doesn't pan out, you get clowned on for taking less. You need to genuinely be a total basketball psycho who cares about nothing, not money or reputation, over the chance to win.",8,data/threads/1u2ns60.json
"Genuinely it is kinda silly more stars don't do the same considering Tom Brady has 7 rings because of the same reasoning. I know there's the idea of maximizing your earnings potential and all that, but at that level you're making so much money already. I guess there's the part of Jalen genuinely wanting to win a chip for the Knicks whereas most of these other guys are just doing their job, and you never know if it will pay off, but glad it did for Jalen",22,data/threads/1u2ns60.json
"I think LeBron's greatness has come in three distinct parts. First, his extraordinary athleticism, which in his prime almost no one could match. Later, his understanding of the game, with a mastery of in-game tactics and series-wide strategy that again very few have equaled. And last, his incredible longevity to still play at an all-star level into his 40s, which no one has ever done before. Any one of these three would have made for a great career, and any two would lock up a Hall of Fame selection.",32,data/threads/1ubvqff.json
"Steve Kerr for all the stacked rosters has proven to be a really sound tactician and is generally right about if players are “winning” players. I really think 2022 was his masterpiece tactically as he ran laps around Ime, and overall has had an answer to pretty much everything besides Megatron LeBron and Kyrie on a heater.",20,data/threads/1ubr597.json
The two dumbest finals choke made by Fox and JR Smith. If only they were reversed: JR smith shooting it like what Fox did instead of running it on the floor while Fox holding the damn ball like JR Smith did and not shooting it 😂,13,data/threads/1u2ns60.json
I'm not a spurs fan but man thank God. Shai is the worst MVP I have ever watched play with the absurd flopping. Dude had a wide open three and still jumped 5' sideways into the defender on purpose.,275,data/threads/1tsj30o.json
They really need to learn that you can't manufacture stars like that These calls are just unfair and fans watching aren't going to feel like they're watching a guy earn his place at the top because he's essentially just being given that spot It feels like watching mid 2010s WWE. Shai is Roman Reigns and Adam Silver is Vince McMahon frothing at the mouth while trying to cram him down our throats and screaming that he's the best thing ever,5,data/threads/1tmthjd.json
"That was the argument. You had the much more concentrated dominance of the Celtics, Lakers, kinda Pistons, Bulls, then Lakers. So, the Spurs 'never even going' back to back made the dynasty talk difficult. It wasn't until maybe 2013 did the longevity REALLY get the love.",96,data/threads/1tsj30o.json
"I still think the NBA should fine blatant shit like these in the 6 figure ranges. Or like ""1 game check"" to make it fairer but still hits very hard. edit: this guy makes $800k a game... so 1/8th a game check. Make it hurt.",42,data/threads/1tmthjd.json
"Silver wanted something extra to advertise the OKC Thunder who are obviously a poweerhouse team with incredible depth, and that was making Shai a MVP player so that playing against Oklahoma is exciteable, because otherwise, it's fucking Oklahoma. But hey, at least now you get to see the ""League MVP!!!"" Notice that not only has Shai been given the GOAT whistle of all-time, Jokic has been dealing with ""The Jokic Rules"" where people are allowed to be as physical with him as they want.",8,data/threads/1tmthjd.json
"If we’re talking pure freakish athleticism he’s the best of all time in any sport in my opinion. The blend of size, speed, explosiveness and strength is something you just don’t see anywhere. Wilt could definitely be in the mix but I don’t know how much of what you hear about him is fact or fable.",138,data/threads/1ubvqff.json
"He's been around so long he has multiple for me. I think of his tomahawk dunk like you said, his post-fade turnaround that destroyed the Raptors and also what he broke the scoring record with, the chasedown block, and the LeFuckYou 3. Specifically the funny ass move where he looks down at the ball then quickly looks up and pulls it.",56,data/threads/1ubvqff.json
> Russell was much smaller and is never really in the most athletic freak conversations. Only by people who don't know what they're talking about. [Bill Russell](https://en.wikipedia.org/wiki/Bill_Russell#Track_and_field) was an Olympian-level high jumper (#7 in the world) and elite sprinter (49.6 in the 440).,12,data/threads/1ubvqff.json
"This reminds me in old 2Ks you could run matchupd that involved Steve Kerr as a player, coach *and* commentator if you used the Warriors and 90s Bulls",68,data/threads/1ubr597.json
"Lebron lol. Besides Steph in 2016, prime LeBron was absurd. Basically a 2k my player/create a player dream. I already miss him and he’s still in the league but he’s old. A 6’8 athletic specimen who does not have durability issues and has no weaknesses on offense or defense… that’s what lebron was. 2018 was the most fun I had watching a playoff run for a single player in a long long time. Even though I already like watching Wemby and giannis was cool too, you can tell they are just too big and have durability issues. They also can’t handle the ball close to the way prime LeBron could. I still have yet to see a big forward or big man who did what LeBron did with ball handling, stamina, shooting, passing, defense…",6,data/threads/1uc5qu5.json
He's never gonna be a superstar. He wont even reach the level of Harden's popularity. Nobody outside of Oklahoma likes this clown and im speaking all the way from Southeast Asia.,275,data/threads/1tmthjd.json
"I remember watching that game with a bunch of friends, mostly Suns fans, when DVR was pretty new. We must have re-watched it two dozen times.",24,data/threads/1ubvqff.json
"Michael Phelps? We havne't seen his type of dominance in the pool yet. Second would be Simone Biles. Even though their major sports was every 4 hears, in between they dominated in all other competition.",2,data/threads/1ubvqff.json
I agree with Wemby being in a whole other league. Hes going to be top 3 in mvp voting every year for the next decade. Chet is nothing more than a good 3rd option for a contending team.,23,data/threads/1tsj30o.json
"Never in my life will I forget where I was for this moment. Felt like the world stopped when Brunson made that shot, seeing it bounce off nearly killed me. That tip in had me in tears. Not only is it incredibly clutch, but even on its own is just such an insane play.",7,data/threads/1u2ns60.json
seeing the 10 year reunion and everyone living out their retired life... and then remembering lebron has to report to training camp in a couple months while all the younger players in the videos are the ones who are retired.,1,data/threads/1ubvqff.json
i was screaming this all night. you have a double digit lead in the fourth. slow the fucking game down. its simple strategy. comes down to coaching imo. take a timeout and explain the situation to your young team.,16,data/threads/1u2ns60.json
"A big part of it is how coordinated and controlled he was. Lebron basically has perfect jumping and landing mechanics. Watch how he lands on all of these chase down blocks and dunks in traffic. His feet are almost always shoulder width apart and his knees are slightly bent. If he does land on one leg, it's never at a weird angle or with a straight leg. He also basically never lands on a foot. Compare that to someone like Rose or Ja Morant, and it's easy to see why they weren't durable and Lebron was.",11,data/threads/1ubvqff.json
"At to that longevity cause at this point I think it's the single most impressive thing about him. There have been a lot of super fast or super strong or super explosive people in sports, but very few last as long as he has. It's honestly insane how he's avoided major injury and stayed at a high level for as long as he has.",3,data/threads/1ubvqff.json
"The lack of injuries is almost the most amazing part. Being that big, you’re usually prone to injuries. He played 82 games + playoffs every year for 20+ years without ever being seriously injured. That’s unheard of.",30,data/threads/1ubvqff.json
"It's impossible to really compare, but Wilt is also built by legend & poor stat tracking. I'd take Lebron whose entire career is mapped by cameras and scrutiny. Both are pillars of the NBA and physical anomalies - Lebron had by far the better basketball brain.",11,data/threads/1ubvqff.json
"It's not even about the FTs. It's about the way he gets defended because he can't get touched without hooking the defender's arm creating a shooting foul out of nothing, which leads to the most effective push off in the league because it doesn't get called an offensive foul when the defender isn't up tight on you (because he's afraid of the whistle)",38,data/threads/1tmthjd.json
"always kinda cringe when you see people say he should retire and enjoy the fruits of his labor. He LOVES the labor, he did it until he physically couldn't anymore and would probably not have it any other way.",1,data/threads/1ubr597.json
"there should really be no debate at this point. People were taken by what a sensation MJ was, and he was inarguably the goat for a time, but objectively speaking he was a pure scorer who played in an era where help defense was illegal and the game was much less developed. Just imagine if Lebron had played his career against defenses that couldn’t help against him. Lebron has him beat in basically every metric other than ppg and championships. It’s only a reluctance to change opinions that makes it a “debate”.",26,data/threads/1ubvqff.json
If im a player. At this point im throwing hands. Im calling him a flopping ass bitch to his face and getting ejected. Someone needs to take a stand since the league and refs wont. This shit is embarrassing and pathetic.,8,data/threads/1tmthjd.json
"Every few years we have some advanced metrics battle about the current MVP and how they are the most dominant player of all time or most efficient player of all time but unless you saw prime LeBron you don't know. Dude is the most dominant force I have ever seen on a court. If he wanted to score it was going in the basket. He single handedly turned the cavaliers from a lottery team to a ECF squad. Like actually when he left they went from the finals to last place in the league. SGA, Jokic, Giannis... They just never hit that.",4,data/threads/1ubvqff.json
"It also becomes your identity. I have a relative who should have retired from teaching years ago, but her husband died unexpectedly a few years before she would have retired. Now, it gives her purpose, and it’s also a huge part of her sense of identity. She’s loaded. There is no need for her to be a public school teacher. But she keeps going back, year after year.",22,data/threads/1ubr597.json
I feel like the last big thing missing from strategic analytics is variance. When you’re up so big you should be taking the lowest variance possessions you possibly can. It’s the direct opposite of “chuck 3s if you’re down big” but it doesn’t seem to be as intuitive. Probably because everyone is drilled these days that dribbling the air out of the ball then taking a middy is a terrible possession. Yet Spurs probably would’ve won if they just did that all of q4.,10,data/threads/1u2ns60.json
"I think everyone overrates wembys ability to stay in the paint. Hes not thin like his first year but he still “light”compared to a lot of the players who operate in the paint so he would have probably been injured by in the second round. It’s a tough situation where he is most effective but almost the most vulnerable in the paint, I’m glad I’m not a coach or medical staff because I wouldn’t know what to do. To potentially sacrifice health for success now or sacrifice success now for health later.",18,data/threads/1ubr597.json
"I mean, if he just took the shots like a normal person he’d probably make most of them. That’s what’s maddening about how they play. They’re that good, so if they just played normal basketball they’d be appreciated for how good they are.",32,data/threads/1tmthjd.json
And Wemby is only 22 so this belt is going to fall on that ass for like a decade straight.,470,data/threads/1tsj30o.json
"It’s crazy to have these physical specs and playmaking is one of his premier skills. He would have been a sure first overall with his athletic gifts alone, but also telling a scout he comes with Magic Johnson’s brain right out the gate is just insanity.",1,data/threads/1ubvqff.json
"Yeah, but Lebron had no father? His father was some criminal who was not even present in his life. Mj had a loving family... Yeah a tragic thing happened but i'd rather have a loving father and lose him in my adult life than have no father at all... Also Lebrons mother fucked his teammate..and some rapper from Miami 😅. MJ grew up in a stable and loving family with his brothers...",1,data/threads/1uc5qu5.json
"no disrespect to the Knicks but I don't think anyone's going to say that about them even if they win. They've earned their spot to get here but they had the sixth best record in the league this year, they're less likely to make it back to the finals than the Spurs [but yeah it's no guarantee the Spurs are making it back either].",9,data/threads/1u2ns60.json
Saw him play a local high school at the Schott in Columbus way back during his senior year. I've never seen an 18 year old move like he did. It looked like what I imagine Usain Bolt reaching middle schoolers would look.,23,data/threads/1ubvqff.json
"It’s very clearly what the league wants the refs to do, if the NBA wanted to endorse their own flopping rules, they would use the replay center or actually call the techs for flops. They put the rules in to make it look like they care but they don’t. Very similar to how the NFL let coaches challenge DPI for a year but literally never reversed their calls, even when it obviously wasn’t. Before people tell me “why would they want OKC to win, it’s a small market team”, I don’t know and don’t care, that’s the NBAs motives not mine, but it’s clearly happening and it’s plain to see.",20,data/threads/1tmthjd.json
"on another note, idk what fox was thinking when he got the ball and went for the layup with OG draped over him. you keep the ball, run around to waste time, get a foul and shoot FT's. bro got greedy and they lost. yikes lol",14,data/threads/1u2ns60.json
"That block and then SGA’s air ball sealed the game. He didn’t wanna shoot anymore and him team knew that and did NOTHING. Quite literally “oh shit he tired, now what?” How do you make this kind of money being this bad at support?? I’m genuinely envious 😂",75,data/threads/1tsj30o.json
"Vince was the superior dunker, but young Lebron seemed so much faster from free throw line to free throw line. Plus Lebron could get up there. This catch of a bad pass is one of the craziest feats of athleticism ever. https://m.youtube.com/watch?v=3-kolNcY53s&pp=ygUVTGVicm9uIGNhdGNoIHBvcnRsYW5k",2,data/threads/1ubvqff.json
"Yea a tip that, if it doesn't drop, leads to a 2-2 series. Ray Allen misses that shot and the Heat lose. Who knows what happens to LeBron's legacy. No chance its the biggest shot in NBA history, but definitely an argument for Knicks history.",10,data/threads/1u2ns60.json
"Man… he’s doing this against the best athletes in the world. Some of his drives look so slow, methodical, calculating, like the defense has a chance, and then suddenly his torso is 3 feet above them and they’re getting smacked with a basketball.",2,data/threads/1ubvqff.json
"Of course he wouldn't, the game pace is so different it's almost incomparable. But he was an athletic freak and we havent seen anything quite like it since Wilt's prime. Imagine a prime Shaq if he could run a 10.9 100m. Or a 7'1 Giannis with Dwight's strength.",20,data/threads/1ubvqff.json
Imagine trying to do a 360 in the middle of a NBA fast break and then getting mad when your shit gets stuffed,44,data/threads/1ubvqff.json
"In Miami, I’d say he’s the exact balance of athleticism and being good at basketball 1st Cleveland he’s way more athletic….after Miami, he’s the advanced super computer but jumping out of the gym at a less frequent rate as he gets older",1,data/threads/1ubvqff.json
"Yeah, most of Wilt's stories are pretty clearly untrue. His weightlifting stuff is almost certainly exaggerated (his reported number would have made him the second-strongest weightlifter in the world while casually doing reps without a warmup), and most of his track and field stuff is completely unverified. Hell, we've got records of college and highschool track for the time, and Wilt isn't anywhere to be found, despite most of his claimed numbers winning events.",4,data/threads/1ubvqff.json
"so many insane mistakes not calling a time out during either 13 pt run d'aron fox could've dribbled the ball out and won the game, or had 2fts and the knicks like 1 second after shooting <10% at 3PT during the second half, didn't stop chucking 3s like... if you did any of those things in the nba 2k tutorial the AI would correct you and not let you pass.",79,data/threads/1u2ns60.json
"People have been saying LeBron hasn't lost a step, as a compliment, for a decade, but that is a disservice to Lebron's younger self.",16,data/threads/1ubvqff.json
"Last year they said OKC would be in the finals for the next 3-6 years. Couldn’t make it. Same was said about Boston the year before. And Denver before. People think just cause they did it once, they’d do it always. Unless you were GSW or a Prime Lebron lead team, it hasn’t happened. And if Knicks win this year, you’ll hear the same BS all year about “who’s going to beat them the next 3 years” only for them to be packed by someone 2nd round",48,data/threads/1u2ns60.json
NBA changed the rules to nerf Shaq. He is the only player in the past 30 years that the NBA actively worked against because of how unstoppable he was. Made even more ridiculous that only after Shaq retired that the NBA decided the hack a shaq strategy was degenerate and got rid of it,2,data/threads/1ubvqff.json
"There was a season he played every single minute of every game he played, including some OT games. If memory serves it was something like 48.3 minutes per game or something silly. Every Wilt stat is so insane and I understand why people think it’s either just made up or the league had to be full of absolute garbage talent lol, but he was really like that.",17,data/threads/1ubvqff.json
"Oh yes, I was driving the same route around the same time. Without traffic it takes 10 minutes to drive into LA, with it, 30. And driving from Studio City to home took me an hour and 20 minutes one night.",40,data/threads/1ubr597.json
"Gilbert Arenas said he didn't have a problem retiring (he was injured of course so that helped), until the next season started and everyone else was getting ready and he had nothing to do. He said that screwed with his head to the point that he would get in his car and drive into the city and then back for no reason at all each day. I remember that in another interview, Wilt Chamberlain said he would do the same thing.",680,data/threads/1ubr597.json
"> dog Chet This insult seems so obvious in retrospect and yet, I don’t think I’ve seen anybody use it yet. I myself feel like I’m dumb for not thinking of it first. I guess maybe this gives more credence to the argument from oldheads that fundamental moves only seem obvious and easy once they’ve already been invented. Being the first one to invent something before it exists is why the guys who played against “plumbers and milkmen” should be respected more.",334,data/threads/1tsj30o.json
"For sure. He is a perfect combination of size, speed, explosiveness, and basketball IQ! The only thing I can think of was that he was not a great shooter early on. He only developed his 3 late in his career.",505,data/threads/1ubvqff.json
This is all possible because Brunson took a massive paycut to see the greater vision. He has not played his best basketball in every game (he was great tonight) but his team is good enough to pick him up even in the moments he cant 5v1 the other team like he sometimes can. OG all time Knicks legend after tonight because Jalen Brunson wanted to play with guys like that more than he wanted 0s.,293,data/threads/1u2ns60.json
Because you either get lucky and hit it or you have a 4/3 advantage at the rim with their center 30 feet from the basket. I know OG scored this in style but it easily could have just been a simple rebound and then going back up with it too if the ball bounces differently.,24,data/threads/1u2ns60.json
"I was a LeBron fan (not crazy, but rooted for him) as soon as he came in the league and really enjoyed this era. And yet still I’m blown away seeing it again. This dude ruled. Need to find a Miami era one of these next, lol",2,data/threads/1ubvqff.json
"I think it's because Russell doesn't get the hyperbolic statements that users here regularly say about Wilt. It gets to the point where people talk about Wilt like some mythical creature that will never be seen again and he's somehow stronger, faster, quicker and jumps higher than any modern player.",8,data/threads/1ubvqff.json
When he was moving like this the only thing you could do was try and force him to take jump shots. If he took a jump shot that was a win on the possession. You just had to hope it didn’t go in or that means he was scoring 40.,2,data/threads/1ubvqff.json
"It's his plan to let the Knicks win the championship - Let ref rig the Thunder to the Final -In Final tells the ref to call all the flopping -Knicks win, NBA got money from a big market team championship.",13,data/threads/1tmthjd.json
Bro I'm so happy no matter who win the finals at least it not bitch ass OKC It'd be bad for basketball for generations to come if OKC run it back to back. Flopballs is not real basketball FUCK FLOPPING BITCH ASS OKC HAHAHAHA 🤣,466,data/threads/1tsj30o.json
> A game winning shot in the clincher by the GOAT. To complete the second threepeat and his entire career as a Bull and cement his GOAT status. Yeah hard to top that as the most iconic shot in NBA history.,7,data/threads/1u2ns60.json
“i don’t have anything against trans people” immediately after speaking negatively about trans people is crazy work,3,data/threads/1uc5qu5.json
"And the thing is..not that I’m biased, but.. San Antonio looks poised to become a dynasty. Wemby does things on the court that no one has ever done, and dude cares so much he cries. Hes not a robot as an interview and he’s interesting. Hes everything the league could want in a superstar. Castle is electric. Harper is smooth as butter. They make offense and defense exciting. And Wemby has the causals curious. You would think \*this\* would be the team the NBA wants in the finals.",6,data/threads/1tmthjd.json
😂 fr. Plus the nba is the one who made the rulebook. How they going to fine the MVP for getting fouled by their rules. Just change what is considered a foul to be more like the early 2010s it’s that simple,11,data/threads/1tmthjd.json
"arsenal lose okc bounced by the future GOAT wemby tears in my eyes man, we’re really witnessing generational greatness also: CHET UR A FUCKING BUM TWO SHOTS IN A CRUCIAL GAME 7 LMAOOOOO HOW CAN YOU LOOK AT URSELF IN THE MIRROR",64,data/threads/1tsj30o.json
Elementary school stuff to run it back out at the end of the game with the lead and force the foul,20,data/threads/1u2ns60.json
"7 free throws in a row on 3 trips down the floor was diabolical. When SGA pumped faked, jumped into the player, missed the player, but fell anyway and got the foul, the OKC fans stood and clapped. Some serious pathetic shit. People used to cheer for Jordan flying through the air dunking on people, but this is their version of that lol",61,data/threads/1tsj30o.json
Nothing wrong with having a trans child but if I had a choice between str8 and trans i would not pick it. What's wrong with you? I gave one strong argument and one mid (some kind of a personal preference) and you get mad. 🤣,-2,data/threads/1uc5qu5.json
"Crazy thought: a lot of these fans didn't just forget, they never actually saw it. A 22 year old basketball junkie watching NBA religiously since he was 10 years old has been obsessed with ball long enough to watch most of LeBron's career and yet has no recollection of Cavs 1.o LeBron and never even saw him play for the Heat.",2,data/threads/1ubvqff.json
"His last 3yrs in MIA he shot 36%, 40% and 38% from three. Then in his 2nd CLE stint he was basically a league-average 3pt shooter. This is the kind of thing that suggests to me that past a certain point, the issue probably wasn't about his raw shooting skill, but about his minutes played, role on the team, maybe conditioning regime and nagging injuries, etc. For example, his first stint with CLE he was averaging 40+MPG, but he never had to do that again wherever he went. He also arguably didn't become a 'complete player' until his 2nd year in Miami, mastering and dominating every single aspect of the game. Something like that, anyway.",31,data/threads/1ubvqff.json
"In 2009 he was listed at 6'9 250. That's the average weight of an NFL linebacker. Was still the fastest, highest flying player on the floor and did it for 39 minutes a night. Honestly what's even more impressive is that his wasn't even his peak.",3,data/threads/1ubvqff.json
"Lebron’s combination of size, athleticism and strength was insane. It’s why there were so few players throughout his career who could genuinely cause him to work one on one. Guys like Kawhi or Iggy couldn’t match his explosiveness but at least they had the length to bother his dribble/shot and the strength where he couldn’t just bulldoze him. Young Paul George did ok too.",2,data/threads/1ubvqff.json
"Wtf are refs looking at that makes them make this call? Like it's absurd. Given all the evidence that he flops, they should by default assume he's flopping and not blow the whistle. There needs to be a giant shift in his whistle. Fucking ridiculous.",10,data/threads/1tmthjd.json
"he didn't have the same speed. he bulked up and wasn't quite as much of a blur in the open court while maintaining pretty much the same bounce. i don't think one version is more athletic than the other necessarily, just a little different.",5,data/threads/1ubvqff.json
You need to slap an ankle monitor on him for the off-season that requires him to be in the gym or at the buffet table,64,data/threads/1tsj30o.json
"Bruh, broke my heart seeing Gordon just limping out there. Coulda been more tight in game 7 if bro was healthy. He was straight up just walking down the court with a bum hammy (?)",60,data/threads/1tsj30o.json
"It's crazy how stale their offense was when flopping was off the table, 8 quarters in a row just lost lmfao Caruso even got to body slam someone for a common foul and didn't matter, LET'S FUCKING GO",400,data/threads/1tsj30o.json
"Don’t think we’ll ever see someone like him again. His size with that speed, explosiveness, agility and court vision is unheard of, especially with the mindset of being the GOAT. Not to mention just his aura is unmatched when he wanted to take over. We get flashes of that from other players occasionally, like someone who’s his size but couldn’t hold a candle to his speed or someone with his sight and agility but couldn’t even close to the speed and explosiveness. The complete combination that is LeBron is one of a kind. /glaze",1,data/threads/1ubvqff.json
"Cost them Game 1 too. Horrible series for him, I respect he's playing through injury but these are mental mistakes he cannot make as a vet or even a first year player. I'd be disgusted with him if I was a Spurs fan.",127,data/threads/1u2ns60.json
this is worse than JR by far by far. he holds that ball they prob foul you and you have a chance to extend the lead. win and series tied 2-2. but he decided to challenge OG anunoby of all people lmao. fox may be gambling,24,data/threads/1u2ns60.json
"Been saying it from last year’s series against denver. Injured denver took them to game 7, with all that physicality on jokic where caruso was jumping, hitting, hanging himself on jokic, he was allowed to do whatever he wanted on every defensive play but on the other side on the offense plays okc players were untouchable. Ever since it was clear nba and silver are pushing it’s agenda in favor of okc",23,data/threads/1tmthjd.json
He’s taking so many back shots forcing himself to go down. Can’t be good for his ability to stay upright and erect later in life.,25,data/threads/1tmthjd.json
Their biggest weakness is every single person on the team would rather go for a 1v3 on a fastbreak for a highlight play instead of slowing down and waiting for the rest of the team to catch up. It's happened maybe 10 times this series alone,6,data/threads/1u2ns60.json
Saw some threads and clips recently on here from middle school games where kids were absolutely intent on trying to draw fouls every shot by flinging their head back or by falling down when they get touched. It’s absolutely already starting to infect youth basketball.,14,data/threads/1tmthjd.json
Amen Thompson is the only person in the league that kinda moves the same way as cleveland LeBron but still LeBron is a completely different due to his ability to elevate off 1 leg in motion AND both legs from a stand still. His speed doesn't even make sense in some of these.,1,data/threads/1ubvqff.json
I mean its easy to get in rhythm when: 1. You get to go to the line 2. You get to push off 3. You get to take a breather at the line too Like he's already fucking elite at shooting middys but he 'cheats' the system to make it easy for him when every other superstar has faded away from the basket to hit tough shots. If Kobe just foul baited like this he'd average 40,14,data/threads/1tmthjd.json
"Bro, I swear to fucking God if Sam Presti somehow finagles Giannis for Chet, a few firsts and a bag of chips you deserve to sit directly on your balls every single time. Why would you put this in the universe?",73,data/threads/1tsj30o.json
Convinced that some random redditors would have done a better job coaching that 4th quarter including myself. Teams need to find legit coaches instead of filling the position up with the next man up on the coaching roster,84,data/threads/1u2ns60.json
"Reminds me of the story Bill Simmons retold about Knicks legend Dave Debusschere. Dave was pissed about getting called for a ticky tack foul, and then proceeded to run down the court and *level* the dude he had just fouled. He then turned to the ref and screamed ""NOW *THAT'S* A FUCKING FOUL!""",12,data/threads/1tmthjd.json
"Yeah everyone's blaming Mitch for not calling timeouts and other things, but to me this is really the key. Shortening the rotation deeper into the playoffs doesn't mean ignoring things and players that worked throughout the season. Wemby barely got a breather in the second half and just looked absolutely stunted at the end. To be honest though, I'm not mad at Mitch. As much as the young players need to grow, so does the young coach. It's a hard lesson but a needed one for long term success",9,data/threads/1u2ns60.json
"I do wonder what the NBA Finals would have looked like if Pop was on the bench. Talent is, of course, the most important thing. The Spurs aren't in the Finals without Wemby. But, they also aren't champions. I think Pop would have told Wemby, ""Look. That dancing shit on the perimeter? Cute. You are 7'6 with shoes. Get your tall ass to the paint. If you shoot another three that is not wide open off a catch, you are going to the bench!""",72,data/threads/1ubr597.json
"No it's a total coincidence that in that same year, they started getting tough fouls on one end and getting away with murder on the other end. Silver is such a dipshit. He thinks a dynasty means better ratings for the league. But no one wants to watch a reffing dynasty.",351,data/threads/1tmthjd.json
Brunson will likely win it but OG’s finals will be remembered forever because Knicks lose this series if not for OG. Jaylen Brown’s finals mvp run is forgettable compared to what OG is doing (2024 finals was a dud),9,data/threads/1u2ns60.json
"Wemby does stuff all the time that you don't think should be possible, but then you look at how tall he is and go....I guess.. if I was that tall I could probably do stuff like that Young LeBron was like watching this animal that at times would be a cheetah, at other times would be a lion, and at other times would look like an 800 lb gorilla. It just didn't make sense. People that big DON'T MOVE LIKE THAT",10,data/threads/1ubvqff.json
SGA played like an MVP but damn if it didn’t look like the Spurs were the reigning champs ready for the moment while OKC (looking at you Chet) were crumbling under the pressure. Shows just how bad San Antonio wanted this. Shout out SGA and Wallace though. Those dudes were absolutely hooping tonight.,155,data/threads/1tsj30o.json
"I am not saying Jordan is the better player. I just think that its a bit absurd to call Jordan a ""pure scorer."" He won defensive player of the year and made 9 all defense teams. People routinely praised his and Pippen's hounding defense.",2,data/threads/1ubvqff.json
Fox just made the type of mistake people will be talking about 30 years from now unless the spurs take it to 7 and win.,6,data/threads/1u2ns60.json
OKC had two game sevens last year vs teams with major injuries. MPJ and Gordon were both broken men for Denver. and obviously Hali was heartbreaking.,464,data/threads/1tsj30o.json
"If Lebron had done half the things MJ did then MJ fans would disqualify Bron from the GOAT discussion immediately. Imagine if Lebron only made the finals for the first time at 28 and had to add the player with the most undervalued contract in history to be able to do so, or if Lebron retired in the middle of his prime and his team still managed to finish as the second seed without him They wouldn't even put Lebron ahead of Boogie Cousins",12,data/threads/1ubvqff.json
"The Lakers elimination thread from not making the playoffs in 2021-2022 is still the most upvoted elimination thread on this subreddit at 53K upvotes. If there’s a shot of one beating that it’s this one, but I’m not so sure. Edit: Wow it actually beat it! Holy hate watch lmao",1876,data/threads/1tsj30o.json
"> He has the same speed and athleticism as his OG Cleveland days Except he didn't. He was close enough that it didn't really usually matter, because he was still the best athlete in the league. But he was quicker and faster in Cleveland. You watch him in 2009, and his first step is unstoppable and he pretty much couldn't be contested at the rim. That's why the 2009 playoffs were the most efficient he was as a scorer until much later in his career when his 3 point shot improved, despite the fact that he had worse teammates with worse spacing so teams were able to pay more attention to him. He was playing with worse spacing and still dunked as many times in 14 games in the 2009 playoffs as he did in 21+ games in the 2011-2013 playoff runs.",20,data/threads/1ubvqff.json
"Look, Ant washed the Nuggets but I can't hate the guy. He just plays, no bitchassery. This OKC team fouls a lot and flops a lot and I don't really see how this can be entertaining for a whole season for an entire fanbase lol",129,data/threads/1tsj30o.json
"Respectfully Kyrie’s shot was just an off the dribble three in a tie game with a full minute to go - that’s nowhere near the level of a flying tip in of that difficulty while down 1 with 1.2 seconds left to cap off the biggest comeback in NBA finals history. Ray Allen I’ll give though, down 3 with 5 seconds left in an elimination game while backing away from the hoop - that thing’s almost untouchable.",18,data/threads/1u2ns60.json
"OG is hustle personified, game-saving chasedown block and a game winning putback? That's hustle, and hardwork.",7,data/threads/1u2ns60.json
"I really, really appreciated learning that chinese grizzlies fans called the grizzlies trio of David Roddy, Ziaire Williams, and Jake Laravia the ""three trash forwards"", or more literally ""the three wastes on the front line"". Fucking savage.",44,data/threads/1tsj30o.json
"This is absolutely the correct attitude. Thibs brought professionalism, competency, and culture to an organization that desperately needed them. Him not being the right coach to get the Knicks to the finals is not a failure; it's a testament to what he helped them become.",57,data/threads/1u2ns60.json
"> I watched Shaq put his balls in David Robinson’s face over and over again when I was 11 years old. As a Knicks fan, my favorite example of this is when he did it to Chris Dudley. Dudley got so pissed off he threw the ball at Shaq as Shaq ran up court. Dudley couldn't hit a free throw to save his life but he fired a perfect strike into Shaq's back from 40' away.",363,data/threads/1tmthjd.json
"Now that the series is over and I'm done letting the hate flow through me, I really do feel bad for Chet. To enter the league at the same time, and be constantly compared to a dude who is just a better version of you—it's just brutal luck.",22,data/threads/1tsj30o.json
"Normal person tall. World class coordination and motor so you can dominate pickup sports even against your pro buddies. King of your city and beloved by the league, your organization, and all of your former teammates (because you made them look better). I think this is the answer.",1,data/threads/1uc5qu5.json
I think he had the bball IQ when he got in the league. Our team was just so bad surrounding him lol,3,data/threads/1ubvqff.json
Not to mention he’d probably get more out of Kelton Johnson which would allow Wemby more time on the bench,5,data/threads/1ubr597.json
"Wilt was 4 inches taller, an Olympic level track athlete who outlifted professional body builders, and averaged more than a game per game over a season while traveling by bus and playing in converses. To say there’s no argument is comical levels of glazing",27,data/threads/1ubvqff.json
"Actually, the funny thing is that OKC fans see this shit and realize they cant defend him anymore, so they try the *""what-about""* tactics.... What about that time when Wemby elbowed Naz? What about that time when Brunson exaggerated the contact? What about that time when Ant held SGA's arm?",757,data/threads/1tmthjd.json
Derrick White tip in against the Heat to force Game 7 is up there Edit: here's the [post](https://www.reddit.com/r/nba/s/A1yf2h5qdd) from 3 years ago.,44,data/threads/1u2ns60.json
Also his personality is super boring. The fact he does this just makes his personality seem even more unlikable. Impossible to take someone who plays like this seriously. He reminds me of the kids who would cheat and rule shark when playing against children in Yugioh even when they had thousand dollar decks,234,data/threads/1tmthjd.json
"SGA must practice this type of play over and over and that’s the sad part. He’s actually a great player and him and most of the OKC roster all do this. Hartenstein went from a hard working defensive player on NYK to a different style of play in OKC. Just play hard man and make the playcalling and the whole world respect your team…they’re always glazing OKC hard defense but in reality it’s just this kind of crap. I get it, I’m a Knicks fan and I know Brunson also plays that way sometimes too, but at least he actually has better footwork and when he abruptly stops to draw contact he actually gets bumped, not like a lot of OKC players blatantly throw themselves on the ground without contact, it’s infuriating.",7,data/threads/1tmthjd.json
"It was weird being a fan of his back in the day. You'd watch him and be like ""TAKE OVER, SHOOT THE DAMN BALL WHAT YOU DOING???"" Then he'd end the game with like 34 / 11 / 7 or something and you're like oh, that was him not going all out. So many games I watched of his I considered to be ""bad"" games and he still put up insanely good insanely efficient numbers.",4,data/threads/1ubvqff.json
"Impossible to overstate how insane this was at the time. There was no reference for it. It was like someone merged Magic, Kemp and Jordan into one player. Plus he was doing it all with the weight of unprecedented expectations.",1,data/threads/1ubvqff.json
"Really? Damn, that’s kind of wholesome. But man, I have to close out the chat, it’s such a cesspool, it makes the darkest parts of Twitter and Facebook look like a civil discussion lol",18,data/threads/1tsj30o.json
took it to wcf game 7 down two key players and dealing with injuries season isn’t bad. barring injuries it’s still gonna be okc vs spurs the next few years. both teams can probably handle a handful of injuries more than most other teams at least,14,data/threads/1u2ns60.json
"There simply are genuinely times when ANYBODY at home could coach better. It happens a lot with football games too in the last 2/3 mins. Coaches choke and don’t handle clock management or anything right. Mitch was full-body breaking down out there. I legit think he was having a panic attack. He wasn’t talking to anyone, was awkwardly clapping when the Knicks were hitting clutch free throws, didn’t call timeouts when he obviously should’ve… he was way out of his depth",28,data/threads/1u2ns60.json
"I defended Thibs almost all off season. I thought it was the wrong move to get rid of him. Mike Brown has made moves that Thibs wouldn't have ever thought. The bench thing was slightly overblown but there's 0 chance Thibs doesn't roll with his starters down the stretch in the 4th, which wouldn't have really helped them comeback yesterday.",7,data/threads/1u2ns60.json
"Larry Bird. Being able to just call my shot and toy with my opponents mentally and knowing there's nothing they can do to stop me. I already have the back problems too, just give me the skill set and mentality",1,data/threads/1uc5qu5.json
"Thank you for posting this; my jaw hit the floor like 5 times in the first minute of the clip. Even 20 years later, I don’t think anyone is close to this combination of size, fluidity and athleticism. Who do you all think is the closest in the NBA today?",1,data/threads/1ubvqff.json
"I think we need another post of Charles telling us this is just good hard basketball the first 5 haven’t convinced people yet. Or, maybe we need 10 more “people just don’t like them because they’re so good” posts. I feel like /nba has been trying to gaslight me into not believing my own eyes with all the posts trying to defend this garbage the last few days",6,data/threads/1tmthjd.json
"Honestly that speaks VOLUMES, it takes a LOT for those chats to not be racist and bigoted.",21,data/threads/1tsj30o.json
"I genuinely want to believe that the actual gameplan was to draw out Wemby as deep as possible, with Brunson's objective to heave up a high-arc shot. The rest of the team crash the boards and take advantage of KAT's mismatch for a rebound. OG's play was a fun side-effect and probably the 3rd most probable outcome after KAT rebounding and Brunson actually hitting the shot.",67,data/threads/1u2ns60.json
"2008-2009 season James was the funniest player to wathc. Increadible atheticism and the first season he improved his shooting form and started his iconic 30 footer threes. He also felt incredibly confident, shame the team wasn't able to overcome the Magic, he was never the same after that and lost confidence.",1,data/threads/1ubvqff.json
People got too used to the dominant teams . The heat for 4 years. The cavs vs warriors where the meme was we'd be seeing them forever. If you look back to the early 2000s though youll see the gaps that great players and teams had especially the Spurs. There's always time. Hell LeBron didnt win till his 7th year.,19,data/threads/1u2ns60.json
"I grew up a Mavs fan but lived in OKC when the Thunder came to town through 2024. It was always a total nightmare. The team, and players, can do no wrong. They win and they’re the best ever. They lose and they just complain about everyone else. Especially the refs. I could retire if I got a nickel every time I heard someone say “crybaby Luka” after every playoff loss to Dallas.",131,data/threads/1tmthjd.json
"Exhausting watching Mikal and KAT shy away from shots, Mike Brown failing to scheme to get dumpoff passes to Shamet for catch and shoot 3s, and Brunson switching onto Wemby constantly. OG gonna win FMVP, Knicks have been excellent this playoffs but OG is the only one that makes the right play every single time he touches the ball",9,data/threads/1u2ns60.json
man i fucking wish we had someone like young Bron in the league today. miss watching him fly all over the court like this while being a smart enough player to actually take advantage of his gifts to elevate others.,1,data/threads/1ubvqff.json
This is the thing Thunder fans love to ignore. You straight up can't cover him. It's not even like he's baiting people in the air and drawing fouls. He just gets calls for people getting next to him. He gets more space than anyone I've ever seen besides non shooters,1225,data/threads/1tmthjd.json
"Idk why Wemby has this irrational hatred for Chet, but he does and it’s something Chet is going to have to man up and deal with. Dude needs to get into the gym asap. Hes the same player he was his rookie year.",59,data/threads/1tsj30o.json
"Of all time. Proven by the fact that even now he’s still often physically dominant - barely any players who are both faster and stronger than him. He’s obviously declined, but his athleticism has been falling from such a high peak that he still has advantages",25,data/threads/1ubvqff.json
When you're used to a routine and playing games in front of thousands cheering for you i bet it's hard as fuck when you go from that to just zero competing With that being said there's way worse things than being a millionaire with a lot of free time,308,data/threads/1ubr597.json
Bro had like 3/4 careers 🤣 Those first couple of years in CLE he was out to prove something. Played through contact and was destroying the rim. Then he started flopping…🤷🏻 Great post. Kind of forgot about Bron beast mode. Dudes would just bounce off him once he got going.,1,data/threads/1ubvqff.json
Lebron actually said that the Solomon Hill ankle injury he suffered in 2021 has permanently damaged his ankle and it’s “never been the same”. Which is to say that it makes his play all the more impressive since he is still a plus player.,7,data/threads/1ubvqff.json
again players need to learn to start falling on him every time he falls. Make his body pay for this shit if they're gonna blow the whistle anyway.,44,data/threads/1tmthjd.json
"The contexts are also different. Pitches are several times larger than courts and so refs aren’t going to be as close to be able to see trips and excessive contact, especially at speed. Plus there is a certain caliber of wing attacker in particular that it can be argued needs to flop (see: Hazard, Eden; Yamal, Lamine) to keep defenders honest because the only way to stop them in open space is through butchery.",12,data/threads/1tmthjd.json
"And maybe the most impressive part: as good off the court as he is on the court. Crowned the next GOAT in high school and overachieved the expectations. Zero scandals. Zero videos come to light. Been with his high school sweetheart and never even had a rumor of infidelity. He may be better at being in the eye of the media at being a basketball player, which is insane.",2,data/threads/1ubvqff.json
Especially after being voted most overrated player. Bro say “watch this” and went nuclear all postseason.,19,data/threads/1tsj30o.json
"Should've had Castle on Brunson, he was locking him down all game. If Brunson hits middy range sure send wemby because he can recover for rebound or tip outs. Mitch Johnson is in way over his head to be honest.",30,data/threads/1u2ns60.json
Wemby was put in purely for him to just stand around and intimidate the shit out of them despite having 5 fouls and it worked. Hilarious,611,data/threads/1tsj30o.json
"You could see the look on their faces as the game went on, they genuinely lost their composure and were choking hard. They got too comfortable with that lead, as if they haven't always had the lead in these games.",253,data/threads/1u2ns60.json
"Which is important to keep in mind in any discussion of Jordan vs LeBron when people say James isnt even close. A lot of fans today saying that is absurd never watched Jordan early in his career. Just weren't born yet. Or only maybe saw some highlight videos of his dunks back then or something. But they've never seen the full scope of it, of what he was like every single game. What he did back then we're never going to see again. For a couple of different reasons but the main one being nobody has ever been as driven and talented as Jordan was in the NBA. Not before him, not after him.",1,data/threads/1ubvqff.json
"The NFL doesn’t need to as much though because they are a behemoth and people love the game of football so much, they’ll watch even if their team isn’t playing. They benefit from scarcity. They set viewership records year after year basically regardless of who is good and who isn’t. The NFL will break viewership records for the next superbowl, even if Green Bay and Buffalo are the matchup. Market size doesn’t really affect them, nor do they live and die by super stars. Additionally, the NFL meta constantly changes. The game is not “solved” like basketball is where there is one clear winning play style (3s, FTs, layups). And if it were, the NFL isn’t afraid to change the rules (kickoffs, extra points). It’s very clear that the other big sports leagues still care about the sport itself, while Adam Silver views the actual sport of basketball as secondary to being an “entertainment product” to be consumed. I think this will genuinely hurt the NBA in the long run, even if short term gains might be good. I believe they’re basically mortgaging the future to try to build interest/fan engagement now.",15,data/threads/1tmthjd.json
"he's very good, but fox, harper, johnson, even kornet all made huge plays. They've been getting huge performances up and down the roster- it hasn't been a wemby carry job at all. OKC has always been vulnerable to becoming an ugly grindy offense.",783,data/threads/1tsj30o.json
"As a Cavs fan who loves LeBron, I still think the ""Finals to last place"" narrative is one that wasn't totally fair. When LeBron left after ""The Decision"", the team didn't just lose LeBron, their entire strategy for how to build the roster was decimated and they decided to just nuke the team from orbit and tank hard (which led to getting Kyrie, and ironically, getting LeBron back). I forget the exact number, but something like 11 of the players who were rostered at the end of 2010 were not on the roster 1 year later. The team would have been bad without LeBron anyway, but probably not worst in the league bad if they had kept everyone else and tried to retool on the fly to max their wins instead of tanking to max their ping pong balls.",1,data/threads/1ubvqff.json
"Idk, you have to wonder how much what we know about Wilt was true. His ""1:58 800m"" is widely questioned and there's no verification that it ever happened. ""Most historians believe the 1:58.3 figure, along with his 49.0-second 440-yard dash, came from self-reported numbers or informal, unmapped practice times relayed by Wilt or his early coaches to reporters. Because Wilt was an extraordinary physical specimen, reporters of the 1950s and 60s frequently printed his training anecdotes as official athletic gospel without verifying box scores."" Beyond basketball, Wilt is most well known for bragging and exaggerating, so when something is so crazy that it's hard to believe and it's coming from a renowned liar...it's probably not true. No doubt he was an unbelievable athlete, but if we want to talk about it, we need to only include things that we know are true.",12,data/threads/1ubvqff.json
"Spurs have been blowing leads since the regular season. I can't imagine Pop letting them get to the Finals without fixing that, much less allowing it to happen that many times during the Finals. Someone on the team might have had to buy him a Lamborghini, but it sure wouldn't have happened again.",1,data/threads/1ubr597.json
Or the psychological affect on defenders when this kind of shit is just literally every game.,7,data/threads/1tmthjd.json
"extremely easy solution would be to have the replay center watch a replay of every shooting foul if it’s an *obvious* flop before the first free throw is shot, it’s reversed to a technical",3349,data/threads/1tmthjd.json
"The call he got, where he literally jumped left into the guy at his side, going away from the basket, felt like it was a Key and Peele sketch. It's one thing to justify a shady call if you can argue, ""well he was entitled to head towards the basket, or make space"". Literally jumping into a player at your side, who couldn't even interfere with your shot unless you wanted him to, is comical. It's not even a hard fix. Just.. call the game according to the rules.",23,data/threads/1tsj30o.json
Oh you're a basketball fan? Of course you hate OKC. I don’t even believe Thunder fans like it. It HAS to eat at them then their team is entirely dependent on letting them foul like crazy on defense and flop like crazy on offense. I've seen my team win on questionable calls and felt shitty. Having your team win a title on non stop bull shit has to kill them deep down. They have a two time mvp and he's rarely the most important player on the court for them.,67,data/threads/1tmthjd.json
"I mean, they’re young, you’re gonna take your lumps along the way. They absolutely choked this game, but even in the series they’ve had chances to win every single game down the stretch. Their inexperience is really showing in clutch situations, and De’Aaron fox being the vet doing that dumb shit is almost poetic",238,data/threads/1u2ns60.json
"It's not casuals forgetting, it's young ones that never saw it. If anything, the casuals still think his game revolves around athleticism and high flying just based on his rep and haven't paid attention to how it evolves.",1,data/threads/1ubvqff.json
"And before anyone says ""they don't call simulation very often"" they called it *literally today* in the Tottenham match. I'm a Spurs and Spurs fan and it is very frustrating to watch both my teams get a different whistle than their rivals.",221,data/threads/1tmthjd.json
"When your team used to play shaq, Kobe, LeBron, KD, curry etc you would get dominated and hate them but begrudgingly respect the way they dominated you by being the best at what they do. Now you play OKC and get dominated on the flops and at the free throw line. It’s not impressive to watch or a spectacle. Mans got no aura to his game at all",146,data/threads/1tmthjd.json
"This was the era where you still had multiple slow, lumbering bigs on the floor and LeBron would get criticized for being \*too\* good of a passer because he was so unguardable going to the basket it really seemed like he could have averaged 40 a game",1,data/threads/1ubvqff.json
The really needed Jdub and Ajay in this series. Spurs defense too good to not be at full strength.,25,data/threads/1tsj30o.json
"Fun fact, teams used to do this to the extent that the shot clock had to be invented to keep the game watchable. The lowest scoring game ever was 19-18 bc the teams purposely just held the ball for so long.",23,data/threads/1u2ns60.json
Game-winning block and game-winning shot on back-to-back possessions completing the greatest comeback in Finals history at MSG. It genuinely doesn’t get more perfect than that for a player.,5974,data/threads/1u2ns60.json
"i'm coping telling myself ""well it would be insane for this core to never have made the playoffs before and win the finals"" but id be lying if i said im not worried about this having multi season devastating psychological effect on the team",8,data/threads/1u2ns60.json
I think a lot of people say Miami Bron was apex Bron. Like he still had his athleticism from his first cleveland days but with a better understanding of the nba game. It was when the mind caught up to the body.,2,data/threads/1ubvqff.json
"if OG has a million fans, then i am one of them. if OG has ten fans, then i am one of them. if OG has only one fan then that is me. if OG has no fans, then that means I am no longer on earth. if the world is against OG, then I am against the world.",183,data/threads/1u2ns60.json
"People say that because it was the most athletic version of himself. He has the same speed and athleticism as his OG Cleveland days with the added benefit of being MUCH stronger. He has also added much more to his game at that point as well. He was literally unguardable and became one of a very, very small handful of players all time that could legitimately guard 1-5... not talking on a switch, but could guard that position all game of he really needed to.",37,data/threads/1ubvqff.json
"Honestly the solution is just to put a bruiser on him and make him feel the call. You're going to get called for the foul regardless, you might as well take a pound of flesh on the way out. Make it a bench player with nothing lose. You'll get a flagrant the first two times and he'll be clenching his cheeks on the third.",8,data/threads/1tmthjd.json
"OG has been the most stable and consistent player on the knicks basically since he joined. His career in the raptors was the same too. Not flashy, just pulls up and plays solid fundamentals from start to finish",10,data/threads/1u2ns60.json
"I only started watching him closely the last 10 years, and kind of took him for granted as an overhyped opponent the first 10.... It's hilarious seeing these clips again because so many of the trademark moves are there.... but his strides are so much longer and faster it's dizzying.",23,data/threads/1ubvqff.json
One of the most underrated aspects of LeBron is that he stayed mostly healthy for a long career with this kind of athleticism and hard style of playing. Most guys who are this explosive and athletic much less at this size run into a major injury at some point. The fact he was like this consistently for over a decade is just mind boggling.,1,data/threads/1ubvqff.json
"We saw Orlando Shaq and Lakers Shaq? None of us saw Wilt to say “we haven’t seen anything quite like it since Wilt’s prime.” Shaq is quite simply the most physical…strong NBA player ever seen. Cause he did his damage against the modern athlete. And even Lakers Shaq was among the most athletic players in the NBA. Agile, nimble, quick feet. All that. Wilt was wilt Wilt. But dude did not compete against the level of athlete Shaq did. To put it in perspective. Russell was much smaller and is never really in the most athletic freak conversations. Yet Russell regularly had monster games playing against Wilt. Wilt even had to adjust for Kareem. Imagine him going up against Shaq.",17,data/threads/1ubvqff.json
This guy made dunking on a 10ft hoop with a full sized basketball against a team of top level defenders seem no different than us dunking our 5ft door-mounted mini hoop in our bedrooms when we wake up.,1,data/threads/1ubvqff.json
"What's amazing was Sasha Pavlovic hitting an open 3. That man was one of the most inconsistent three point specialists of all time. If that Bron had someone like Sam Merrill instead and some more athletic bigs, he might have had another chance or two at a chip",1,data/threads/1ubvqff.json
"Retirement boredom, even in non-athletes, is one of the common topics discussed in r/financialindependence behind portfolio checks. Books like Die with Zero are often suggested to people so they can live the most meaningful and least regretful life.",83,data/threads/1ubr597.json
"As a Spurs fan and NBA fan I will never not love Mike Breen but you could hear the fandom bleeding through all night tonight from his disgust at the first half blow out, how upset he was at how things were going, through his jubilation at the comeback and win. He is a pro and always tried to keep it so but he is a human and I’m happy for him as hurt as I am.",44,data/threads/1u2ns60.json
"Imagine being 24, just went 3-0 up vs the MVP, going to sit in the locker room, taking out your phone and seeing 30 million dollars in your bank account, then opening instagram and seeing 1000+ message requests, all 10/10 girls shooting their shot and you just ignore it and respond to ur childhood bball teammate sayin ""good looks bruh"", then you get a text from kendell jenner talking about how she misses getting fucked by you, but you're too busy to reply (""i gotta go shower, take a shit, eat etc. i'll prob reply to her later man.."") so you leave it on ""unread"", then you stand up to get dressed but the key to your lamborghini falls out your pocket and you pick it up annoyed (FUCK bro, this shit is so annoying, I need a key ring) and throw it in your gym bag like it's a piece of candy or something..",1,data/threads/1uc5qu5.json
"he could’ve tried to run out as much clock as possible, Knicks would’ve been forced to foul him and give him 2 FTs, potentially putting them up 3pts. instead he takes a stupid ass lay up attempt and gives the ball back to the Knicks with 5 seconds left.",307,data/threads/1u2ns60.json
"Define ""late"" though - He became a ""good"" 3pt shooter in Miami, was basically league avg in CLE pt2, then went above average again at the Lakers - Given the era he played in he's basically been a good shooter most of his career",1,data/threads/1ubvqff.json
"Garrett Temple. Respectable 16-year career. Hasn't made crazy money but enough to be comfortable. He will have future job opportunities in the league if he wants them, and he can go to grocery stores and coffee shops without being recognized.",3,data/threads/1uc5qu5.json
"Lol what is this post. Russell is one of the most athletic players ever, and so was Wilt. Both were olympic level athletes across a bunch of disciplines Wilt benched more, had a higher vert, and so on. Shaq was incredible because of how well he moved with the extra mass he had. Both were incredible athletes, but there's no way you could seriously say one is better than the other",2,data/threads/1ubvqff.json
"The most athletic human I’ve ever seen and it’s not close. Like if you were rating humans 1-10 on overall athleticism and you got to LeBron you either call him a 13 or have to reorder everyone that came before. There are faster guys, quicker guys, stronger guys, bigger guys, guys with higher verts… but he was like 95% of what they were all in ONE GUY. Ridiculous.",11,data/threads/1ubvqff.json
">The only thing I can think of was that he was not a great shooter early on. Which would be a fair knock on the category of ""skill level"", but when you add in the quality of his handle, his passing touch, his hands for catching lobs... He was clearly an immensely skilled player, just not quite at peak level in one particular area.",1,data/threads/1ubvqff.json
"This is one of the most purely *satisfying* nba games I’ve ever seen. So happy to see this flopping, fouling, entitled-ass team lose after all the dynasty talk following ONE chip and fans claiming FTA is the best guard since MJ",51,data/threads/1tsj30o.json
"They have so to something about this shit right now, this is ridiculous. If the Spurs find themselves in a discussion where the series is unwinnable I hope they just start throwing themselves all over the floor and make a total farce out of it since it basically already *is*.",7,data/threads/1tmthjd.json
"Wilt could dunk free throws on one step, they literally had to change the rules. *edit for the down voters. He is why the basketball must go through the hoop or at least hit the rim before the shooter crosses the free throw line.",3,data/threads/1ubvqff.json
"Everyone needs to get paid and owners dont want to pay $500M in luxury tax and suddenly J-dub is on the Nets and Caruso is old with permanent hamstring problems. Or Castle blows his knee out landing on a dunk and suddenly the Spurs have no one to guard Ant or SGA. These things happen. See Tatum's leg, MPJ/Gordon/Murray injuries for Denver, Russ' meniscus and Harden's contract for the Thunder in 2011. There's always things that can happen. Hell, GSW would have lost to Houston and Harden if they didn't add KD to their 72 win team (Something that cannot happen under the current CBA). Dynasties are very difficult",7,data/threads/1u2ns60.json
"If the Knicks win, I have him as the Finals MVP. The guy has made numerous clutch shots this series that kept the Knicks in the game. The Spurs deserved the loss tonight with how management was handled, along with bad ball movement and just weird WTF moments from Fox.",31,data/threads/1u2ns60.json
