text,label,notes
Think of the children watching this game!,reaction,
I think a lot of people say Miami Bron was apex Bron. Like he still had his athleticism from his first cleveland days but with a better understanding of the nba game. It was when the mind caught up to the body.,hot_take,
Also his personality is super boring. The fact he does this just makes his personality seem even more unlikable. Impossible to take someone who plays like this seriously. He reminds me of the kids who would cheat and rule shark when playing against children in Yugioh even when they had thousand dollar decks,hot_take,
"The call he got, where he literally jumped left into the guy at his side, going away from the basket, felt like it was a Key and Peele sketch. It's one thing to justify a shady call if you can argue, ""well he was entitled to head towards the basket, or make space"". Literally jumping into a player at your side, who couldn't even interfere with your shot unless you wanted him to, is comical. It's not even a hard fix. Just.. call the game according to the rules.",hot_take,It's an argument the call was bad
I mean its easy to get in rhythm when: 1. You get to go to the line 2. You get to push off 3. You get to take a breather at the line too Like he's already fucking elite at shooting middys but he 'cheats' the system to make it easy for him when every other superstar has faded away from the basket to hit tough shots. If Kobe just foul baited like this he'd average 40,hot_take,
"Everyone needs to get paid and owners dont want to pay $500M in luxury tax and suddenly J-dub is on the Nets and Caruso is old with permanent hamstring problems. Or Castle blows his knee out landing on a dunk and suddenly the Spurs have no one to guard Ant or SGA. These things happen. See Tatum's leg, MPJ/Gordon/Murray injuries for Denver, Russ' meniscus and Harden's contract for the Thunder in 2011. There's always things that can happen. Hell, GSW would have lost to Houston and Harden if they didn't add KD to their 72 win team (Something that cannot happen under the current CBA). Dynasties are very difficult",analysis,"Structured case w/ many specific examples (injuries, CBA)"
He’s definitely not a top 2 guard in the league without getting these benefits,hot_take,
"Honestly the solution is just to put a bruiser on him and make him feel the call. You're going to get called for the foul regardless, you might as well take a pound of flesh on the way out. Make it a bench player with nothing lose. You'll get a flagrant the first two times and he'll be clenching his cheeks on the third.",hot_take,
It doesn't really kill you deep down. Source: I watched the Bruce Bowen era.,reaction,
"Hit 4/4 3 pointers in the 3rd quarter or something allowed our rookie to make his mistakes in the 4th. Champagnie magnet game was due, had one in game 5 too, we always need one of him or Vassell to hit their shots",reaction,
"Now that you say that, I can't think of even a single pick play by the Spurs.",reaction,
"He saw wemby was on him, he threw a super high arc shot and just hoped his team could rebound for second chance. If wemby was in the paint they have almost no chance at a second chance play.",analysis,
"> dog Chet This insult seems so obvious in retrospect and yet, I don’t think I’ve seen anybody use it yet. I myself feel like I’m dumb for not thinking of it first. I guess maybe this gives more credence to the argument from oldheads that fundamental moves only seem obvious and easy once they’ve already been invented. Being the first one to invent something before it exists is why the guys who played against “plumbers and milkmen” should be respected more.",hot_take,"Musing/opinion, no evidence"
Because you either get lucky and hit it or you have a 4/3 advantage at the rim with their center 30 feet from the basket. I know OG scored this in style but it easily could have just been a simple rebound and then going back up with it too if the ball bounces differently.,analysis,
"he's very good, but fox, harper, johnson, even kornet all made huge plays. They've been getting huge performances up and down the roster- it hasn't been a wemby carry job at all. OKC has always been vulnerable to becoming an ugly grindy offense.",analysis,
Imagine trying to do a 360 in the middle of a NBA fast break and then getting mad when your shit gets stuffed,reaction,
Corgi needs a statue immediately,reaction,
"Idk, you have to wonder how much what we know about Wilt was true. His ""1:58 800m"" is widely questioned and there's no verification that it ever happened. ""Most historians believe the 1:58.3 figure, along with his 49.0-second 440-yard dash, came from self-reported numbers or informal, unmapped practice times relayed by Wilt or his early coaches to reporters. Because Wilt was an extraordinary physical specimen, reporters of the 1950s and 60s frequently printed his training anecdotes as official athletic gospel without verifying box scores."" Beyond basketball, Wilt is most well known for bragging and exaggerating, so when something is so crazy that it's hard to believe and it's coming from a renowned liar...it's probably not true. No doubt he was an unbelievable athlete, but if we want to talk about it, we need to only include things that we know are true.",analysis,
"extremely easy solution would be to have the replay center watch a replay of every shooting foul if it’s an *obvious* flop before the first free throw is shot, it’s reversed to a technical",hot_take,
"I disagree. As a neutral who didn’t even consider Breen’s fandom until reading these comments, I thought his reactions throughout the game were just matching what was happening in the court. The home team was historically being dominated in the first part of the game, and his tone matched what was going on in the building. Then as a historic comeback and a legendary play like in this clip happened, he became more and more excited just like us watching at home. (Well, the non-Spurs fans anyway.) I don’t think it was bias. I think it was just legitimately insane things unfolding in front of him.",analysis,
"7 free throws in a row on 3 trips down the floor was diabolical. When SGA pumped faked, jumped into the player, missed the player, but fell anyway and got the foul, the OKC fans stood and clapped. Some serious pathetic shit. People used to cheer for Jordan flying through the air dunking on people, but this is their version of that lol",reaction,
He's never gonna be a superstar. He wont even reach the level of Harden's popularity. Nobody outside of Oklahoma likes this clown and im speaking all the way from Southeast Asia.,hot_take,
"People say that because it was the most athletic version of himself. He has the same speed and athleticism as his OG Cleveland days with the added benefit of being MUCH stronger. He has also added much more to his game at that point as well. He was literally unguardable and became one of a very, very small handful of players all time that could legitimately guard 1-5... not talking on a switch, but could guard that position all game of he really needed to.",analysis,
Amen Thompson is the only person in the league that kinda moves the same way as cleveland LeBron but still LeBron is a completely different due to his ability to elevate off 1 leg in motion AND both legs from a stand still. His speed doesn't even make sense in some of these.,reaction,
Ethical throw back slam at the end to solidify it after refs tried to tie a 12 point deficit with only 1 FG made in 7 minutes Fuck OKC,reaction,
"Here to add to the OG hype. He lives in our neighborhood in the off-season and is the most genuinely nice, humble, soft spoken, intelligent young man in the world. Plays with the kids in the neighborhood in their driveways. Just all around great guy.Thrilled to see him have all this well-deserved success and praise. Definitely a role model on and off the court.",reaction,
Dude was fucking _quick_ too.,reaction,
OKC bringing the country together,reaction,
"Removing the whole GOAT conversation, from a purely physical standpoint, LeBron's career is bonkers. The only other person with similar longevity and who started of supremely athletic was Vince Carter and the end of his career he was largely a 3-point shooter off the bench. LeBron is still arguably the most explosive guy on the Lakers",hot_take,
He could drive and dunk it every possession if he wanted to,hot_take,
That spin at like 20 seconds seems like OG Shaq dominating the spin into dunk,reaction,
"Well because if you do, then he falls down. You have to adjust for things like that or else it's not fair to Shai.",reaction,
Someone explain to me why the fuck Wemby wasn’t in the paint? He’s 7”5 and the coach orders him to guard a guard on the perimeter? Not a coach or pro by any means but even I know that’s stupid. He should be left in that area tied to a chair.,reaction,
"I think you don't get to the level of guys like Pop and Jordan by being reasonable about things. Without some sort of addiction or obsession with the game and winning, stuff like countless hours of film study or thousands of workouts would get incredibly tedious. It's certainly not for normal people. Makes sense that guys like this just can't ""turn it off"" when it's time to hang it up. Jordan's 2nd retirement is the most striking. He was 35 at the time, which is when nearly every athlete, no matter how great, starts to decline physically. He actually did it and went out on top of the game. Until a few years later, he realized he couldn't stay away. Crazy stuff.",analysis,
**OG OH MY!**,reaction,
"Yeah everyone's blaming Mitch for not calling timeouts and other things, but to me this is really the key. Shortening the rotation deeper into the playoffs doesn't mean ignoring things and players that worked throughout the season. Wemby barely got a breather in the second half and just looked absolutely stunted at the end. To be honest though, I'm not mad at Mitch. As much as the young players need to grow, so does the young coach. It's a hard lesson but a needed one for long term success",analysis,
"It's not even about the FTs. It's about the way he gets defended because he can't get touched without hooking the defender's arm creating a shooting foul out of nothing, which leads to the most effective push off in the league because it doesn't get called an offensive foul when the defender isn't up tight on you (because he's afraid of the whistle)",analysis,
"It's impossible to really compare, but Wilt is also built by legend & poor stat tracking. I'd take Lebron whose entire career is mapped by cameras and scrutiny. Both are pillars of the NBA and physical anomalies - Lebron had by far the better basketball brain.",hot_take,
"Been saying it from last year’s series against denver. Injured denver took them to game 7, with all that physicality on jokic where caruso was jumping, hitting, hanging himself on jokic, he was allowed to do whatever he wanted on every defensive play but on the other side on the offense plays okc players were untouchable. Ever since it was clear nba and silver are pushing it’s agenda in favor of okc",hot_take,
"I mean, if he just took the shots like a normal person he’d probably make most of them. That’s what’s maddening about how they play. They’re that good, so if they just played normal basketball they’d be appreciated for how good they are.",reaction,
"And before anyone says ""they don't call simulation very often"" they called it *literally today* in the Tottenham match. I'm a Spurs and Spurs fan and it is very frustrating to watch both my teams get a different whistle than their rivals.",reaction,
"I mean, only in the sense that one of my Spurs teams has provided me with steady entertainment, some truly wonderful moments, and brief periods of disappointment; while the other Spurs team tries to kill me every week.",reaction,
"His last 3yrs in MIA he shot 36%, 40% and 38% from three. Then in his 2nd CLE stint he was basically a league-average 3pt shooter. This is the kind of thing that suggests to me that past a certain point, the issue probably wasn't about his raw shooting skill, but about his minutes played, role on the team, maybe conditioning regime and nagging injuries, etc. For example, his first stint with CLE he was averaging 40+MPG, but he never had to do that again wherever he went. He also arguably didn't become a 'complete player' until his 2nd year in Miami, mastering and dominating every single aspect of the game. Something like that, anyway.",analysis,
I agree with Wemby being in a whole other league. Hes going to be top 3 in mvp voting every year for the next decade. Chet is nothing more than a good 3rd option for a contending team.,hot_take,
"Lebron lol. Besides Steph in 2016, prime LeBron was absurd. Basically a 2k my player/create a player dream. I already miss him and he’s still in the league but he’s old. A 6’8 athletic specimen who does not have durability issues and has no weaknesses on offense or defense… that’s what lebron was. 2018 was the most fun I had watching a playoff run for a single player in a long long time. Even though I already like watching Wemby and giannis was cool too, you can tell they are just too big and have durability issues. They also can’t handle the ball close to the way prime LeBron could. I still have yet to see a big forward or big man who did what LeBron did with ball handling, stamina, shooting, passing, defense…",analysis,
"Can you imagine how many points he’d have if refs didn’t swallow their whistles for the first 10 years of his career? The only way to stop young LeBron was to force him to shoot OR foul him. He was so strong and athletic that contact didn’t even phase him. Like Shaq, but as Guard rather than a Center.",hot_take,
"In 2009 he was listed at 6'9 250. That's the average weight of an NFL linebacker. Was still the fastest, highest flying player on the floor and did it for 39 minutes a night. Honestly what's even more impressive is that his wasn't even his peak.",analysis,
Bron signs a minimum with bronny and Bryce gets drafted,reaction,
"I wouldn't feel confident in saying that any athlete ever has been better. If I had to go to bat to say who the best athlete in recorded human history, I'd feel pretty strong in my defense of LeBron. Even if you could find someone else who could run that fast and jump that high, the odds that they were 6'8"" and 250lbs are astronomical. Then when you add in the longevity, it's undeniable in my view.",hot_take,
"It's his plan to let the Knicks win the championship - Let ref rig the Thunder to the Final -In Final tells the ref to call all the flopping -Knicks win, NBA got money from a big market team championship.",hot_take,
Olajuwon vs Magic,hot_take,
"I am not saying Jordan is the better player. I just think that its a bit absurd to call Jordan a ""pure scorer."" He won defensive player of the year and made 9 all defense teams. People routinely praised his and Pippen's hounding defense.",analysis,
"The greater threat was the 3 pointer from Brunson, with the amount of time left, you wouldn't expect there to be time for a rebound and second shot. The default move is to wind clock down and then take on last shot at it to deny them a chance to score. I was surprised at the depth and range of that shot. Brunson taking the shot so early in the time clock and from so deep was a *to me* unexpected move. It had possibly intentional effect of pulling Wemby out to give OG a chance at the rebound/tip-in. The luck factor was that a shot 31 feet away doesn't typically have such a soft bounce. The gifted athlete part was timing that jump and the legendary part was keeping such a soft touch when his adrenaline was at 1000x. Ask Josh Hart about it. Or Wemby. I want Josh Hart to have a chance to get the go ahead score next game. He doesn't need it, it won't change narrative of how awesome he is or how much we love him, just got sense in that interview that he feels he let himself down. And to that I say, Mr. Hart, give yourself some credit, your rebounds won game 1, you had plenty of other clutch moments in this game, and bro, it was closing seconds of a NBA finals historic comeback.wemby choked 2 free throws and threw ball away to lose game 2.",analysis,
"It's not casuals forgetting, it's young ones that never saw it. If anything, the casuals still think his game revolves around athleticism and high flying just based on his rep and haven't paid attention to how it evolves.",reaction,
"Lebron’s combination of size, athleticism and strength was insane. It’s why there were so few players throughout his career who could genuinely cause him to work one on one. Guys like Kawhi or Iggy couldn’t match his explosiveness but at least they had the length to bother his dribble/shot and the strength where he couldn’t just bulldoze him. Young Paul George did ok too.",analysis,
Having seen Space Jam 2 I reckon that LeBron is jealous of SGA's acting ability,hot_take,
He's the best player in the series by far .,hot_take,
"It also becomes your identity. I have a relative who should have retired from teaching years ago, but her husband died unexpectedly a few years before she would have retired. Now, it gives her purpose, and it’s also a huge part of her sense of identity. She’s loaded. There is no need for her to be a public school teacher. But she keeps going back, year after year.",reaction,
Some try to argue it’s Amen Thompson but I frankly don’t see it,hot_take,
How many jerseys did they have? Dag,reaction,
"Which is important to keep in mind in any discussion of Jordan vs LeBron when people say James isnt even close. A lot of fans today saying that is absurd never watched Jordan early in his career. Just weren't born yet. Or only maybe saw some highlight videos of his dunks back then or something. But they've never seen the full scope of it, of what he was like every single game. What he did back then we're never going to see again. For a couple of different reasons but the main one being nobody has ever been as driven and talented as Jordan was in the NBA. Not before him, not after him.",hot_take,
"The most athletic human I’ve ever seen and it’s not close. Like if you were rating humans 1-10 on overall athleticism and you got to LeBron you either call him a 13 or have to reorder everyone that came before. There are faster guys, quicker guys, stronger guys, bigger guys, guys with higher verts… but he was like 95% of what they were all in ONE GUY. Ridiculous.",hot_take,
Steve Kerr is the Doc Rivers of Steve Kerr’s,hot_take,
"Silver wanted something extra to advertise the OKC Thunder who are obviously a poweerhouse team with incredible depth, and that was making Shai a MVP player so that playing against Oklahoma is exciteable, because otherwise, it's fucking Oklahoma. But hey, at least now you get to see the ""League MVP!!!"" Notice that not only has Shai been given the GOAT whistle of all-time, Jokic has been dealing with ""The Jokic Rules"" where people are allowed to be as physical with him as they want.",hot_take,
"In Miami, I’d say he’s the exact balance of athleticism and being good at basketball 1st Cleveland he’s way more athletic….after Miami, he’s the advanced super computer but jumping out of the gym at a less frequent rate as he gets older",analysis,
"Normal person tall. World class coordination and motor so you can dominate pickup sports even against your pro buddies. King of your city and beloved by the league, your organization, and all of your former teammates (because you made them look better). I think this is the answer.",hot_take,
"Shit, we thought it about this year’s Thunder team.",reaction,
"He was the most electrifying rookie I saw. He is also still the most electrifying 40 year I’ve ever seen. He was electric in between. What a privilege to watch MJ, Kobe and him in one lifetime. We are lucky.",reaction,
"no disrespect to the Knicks but I don't think anyone's going to say that about them even if they win. They've earned their spot to get here but they had the sixth best record in the league this year, they're less likely to make it back to the finals than the Spurs [but yeah it's no guarantee the Spurs are making it back either].",analysis,
MSG requested a statue between 18’ and 25’ tall. We approved a permit for 25’ in order to make sure that this moment got the proper level of recognition that it deserves. MSG then decided not to do the statue. We now plan to build the statue in Central Park where all Knicks fans can appreciate it. Knicks in five!,reaction,
"Now that the series is over and I'm done letting the hate flow through me, I really do feel bad for Chet. To enter the league at the same time, and be constantly compared to a dude who is just a better version of you—it's just brutal luck.",reaction,
"Respectfully Kyrie’s shot was just an off the dribble three in a tie game with a full minute to go - that’s nowhere near the level of a flying tip in of that difficulty while down 1 with 1.2 seconds left to cap off the biggest comeback in NBA finals history. Ray Allen I’ll give though, down 3 with 5 seconds left in an elimination game while backing away from the hoop - that thing’s almost untouchable.",analysis,
Holy choke of the decade,reaction,
"Wilt was 4 inches taller, an Olympic level track athlete who outlifted professional body builders, and averaged more than a game per game over a season while traveling by bus and playing in converses. To say there’s no argument is comical levels of glazing",analysis,
"2008-2009 season James was the funniest player to wathc. Increadible atheticism and the first season he improved his shooting form and started his iconic 30 footer threes. He also felt incredibly confident, shame the team wasn't able to overcome the Magic, he was never the same after that and lost confidence.",reaction,
Dog Chet new nickname just dropped 😂,reaction,
He averaged 30.3 at 37 years old. Prime LeBron is probably averaging 34-35 in this era.,hot_take,
One of the most underrated aspects of LeBron is that he stayed mostly healthy for a long career with this kind of athleticism and hard style of playing. Most guys who are this explosive and athletic much less at this size run into a major injury at some point. The fact he was like this consistently for over a decade is just mind boggling.,analysis,
"If we’re talking pure freakish athleticism he’s the best of all time in any sport in my opinion. The blend of size, speed, explosiveness and strength is something you just don’t see anywhere. Wilt could definitely be in the mix but I don’t know how much of what you hear about him is fact or fable.",hot_take,
"I think it's because Russell doesn't get the hyperbolic statements that users here regularly say about Wilt. It gets to the point where people talk about Wilt like some mythical creature that will never be seen again and he's somehow stronger, faster, quicker and jumps higher than any modern player.",analysis,
I mean does Shai win 2 MVPs without his generational whistle? Like hes obviously super fucking good at basketball but if he shoots 2ft's a game instead of 8 I'm not sure hes still winning MVPS to be honest,hot_take,
This league is cooked. Adam silver’s world. We all love this brand of sports. Peak athleticism,reaction,
"that’s a good one. the lore of the 80s and the career longevity post nba too. either him, giannis or brunson",reaction,
Prime Lebron was a menace,reaction,
"This is the NBA realizing how popular rage bait is, and trying to cash in. Right? That’s the only way this makes sense",reaction,
"What's amazing was Sasha Pavlovic hitting an open 3. That man was one of the most inconsistent three point specialists of all time. If that Bron had someone like Sam Merrill instead and some more athletic bigs, he might have had another chance or two at a chip",hot_take,
"i'm coping telling myself ""well it would be insane for this core to never have made the playoffs before and win the finals"" but id be lying if i said im not worried about this having multi season devastating psychological effect on the team",reaction,
One of the best athletes in any sport,hot_take,
"Yea, manufactured results work for a bit, but people catch on. Would be like doubling the basket size to improve scoring; sure scoring explodes, then after the exciting headlines of records being smashed people would be like ""wait a minute"".",analysis,
HELL YEAH FUCK THE FLOPPERS!!!,reaction,
Biggest shot in Knicks history,reaction,
"A big part of it is how coordinated and controlled he was. Lebron basically has perfect jumping and landing mechanics. Watch how he lands on all of these chase down blocks and dunks in traffic. His feet are almost always shoulder width apart and his knees are slightly bent. If he does land on one leg, it's never at a weird angle or with a straight leg. He also basically never lands on a foot. Compare that to someone like Rose or Ja Morant, and it's easy to see why they weren't durable and Lebron was.",analysis,
"6’9 maybe 6’10. 250-270 depending. plays like a football tight end but the vision of a QB. runs faster than anybody. jumps higher than anybody. when he came into the league, had handles better than almost everybody at his position/size other than maybe Tmac and Kobe. had footwork and the IQ which is such a crazy thing to think about. most guys who are athletic don’t have that at all. think zion or amen thompson or Darius Miles. always made the right play. never played into his defenders hands by trying to prove he could shoot 3s. always tried to use his advantages over the defense never his weaknesses",analysis,
"Lol what is this post. Russell is one of the most athletic players ever, and so was Wilt. Both were olympic level athletes across a bunch of disciplines Wilt benched more, had a higher vert, and so on. Shaq was incredible because of how well he moved with the extra mass he had. Both were incredible athletes, but there's no way you could seriously say one is better than the other",analysis,"Cites vert, bench, Olympic disciplines as evidence"
His roast of Kenny at that draft was classic lol,reaction,
Curry still got it in ways ray Allen didn't at that point in his career. It'd be more like shaq going to miami,hot_take,
"I think in the NBA, there's this view that you have to request more money or else you don't respect yourself enough. Like, it becomes an ego/identity thing. And then if the team doesn't pan out, you get clowned on for taking less. You need to genuinely be a total basketball psycho who cares about nothing, not money or reputation, over the chance to win.",hot_take,
They went the final 7:02 of the third quarter with 1 bucket. Literally nothing but free throws otherwise lol,reaction,
"Unironically yes. People keep saying “why doesn’t the NBA fix this???” The answer is exactly what Tim Donaghy said years ago, which is that fouls are the lever by which the league controls the game. You can use them to manufacture outcomes you want and given the NBA is a contact sport, there’s enough legit contact so it’s pretty easy to get away with calling some things but not others. The NBA could stop this nonsense tomorrow. But Adam Silver loves high scoring stat lines regardless of how they’re achieved, as well as the ability to lengthen a series.",analysis,
"There was a season he played every single minute of every game he played, including some OT games. If memory serves it was something like 48.3 minutes per game or something silly. Every Wilt stat is so insane and I understand why people think it’s either just made up or the league had to be full of absolute garbage talent lol, but he was really like that.",analysis,
The Death Star has been eliminated,reaction,
"Don’t think we’ll ever see someone like him again. His size with that speed, explosiveness, agility and court vision is unheard of, especially with the mindset of being the GOAT. Not to mention just his aura is unmatched when he wanted to take over. We get flashes of that from other players occasionally, like someone who’s his size but couldn’t hold a candle to his speed or someone with his sight and agility but couldn’t even close to the speed and explosiveness. The complete combination that is LeBron is one of a kind. /glaze",hot_take,
"he didn't have the same speed. he bulked up and wasn't quite as much of a blur in the open court while maintaining pretty much the same bounce. i don't think one version is more athletic than the other necessarily, just a little different.",analysis,
reminder that flopping is the product Silver wants. The floppiest flop sport in the world (football/soccer) has pretty much eliminated flopping through rule changes while we get to watch Shai shoot free throws for literally not being touched.,hot_take,
"This is downvoted but it’s closer to the truth. The reality is that Pop was the wrong coach for that team. He was never an X’s and O’s guy but he was a disciplinarian and personality manager. He was the right coach when you already have high IQ guys like Tim, Tony and Manu surrounded by other vets, but when you have kids you need somebody more able to teach the game. Mitch still isn’t it either, you can’t have a coach afraid to hold your guys accountable 1-12. This playoff run was lightning in a bottle but the finals really exposed this teams’ weaknesses for everybody to see. The team has all the talent but keep the score close enough and they’ll beat themselves.",analysis,
"People always talk about LeBron being robbed of DPOY in 2012-13, but he was actually already second in DPOY voting in 2008-09, losing only to Dwight who was undoubtedly one of the great defensive players of the last 25 years or so. It was in Miami when he got big enough to truly guard the 5 and thus become genuinely capable of guarding 1-5 but he was already absurdly versatile in his first Cavs stint and was the best help defender/roamer in the league. You think Ausar is an absurd defender? LeBron was like that but faster and more athletic.",analysis,
"If the Knicks win, I have him as the Finals MVP. The guy has made numerous clutch shots this series that kept the Knicks in the game. The Spurs deserved the loss tonight with how management was handled, along with bad ball movement and just weird WTF moments from Fox.",hot_take,
Ben Simmons. Get generational wealth and become a pro fisherman. Sounds like two skills I want.,reaction,
If the spurs were led by completely different franchise players I’d understand. But Tim Duncan and pop were a big part of all those titles. And eventually a core of manu and Parker there for the remaining few. IMO dynasty doesn’t need to have back to back titles to win it. I certainly didn’t consider the 09-10 lakers to be a dynasty despite the back to back.,hot_take,
"I’d be interested to see a breakdown of the positioning changes with Wemby throughout the series. I didn’t think they adjusted well to him being forced away from the paint, but I suppose they adjusted the way they attacked with their guards and it certainly opened up skip passes to Champagnie in the corner when all the focus is on Wemby",analysis,
Especially to a man like Pop who is so deeply invested in *life outside basketball*,reaction,
"If Lebron had done half the things MJ did then MJ fans would disqualify Bron from the GOAT discussion immediately. Imagine if Lebron only made the finals for the first time at 28 and had to add the player with the most undervalued contract in history to be able to do so, or if Lebron retired in the middle of his prime and his team still managed to finish as the second seed without him They wouldn't even put Lebron ahead of Boogie Cousins",hot_take,
"I think he was more athletic in Miami probably too. He moved similarly to this but was just so damn big. I’ve never been able to find a legit number, but he had to have been at least 260 minimum. Even the freakiest of the freaky athletes do not have that explosiveness at 20lbs less than that",analysis,
Them and Arsenal both losing today must have been chefs kiss for a lot of people,reaction,
"Man, I was expecting the triple bang when Brunson shot that three",reaction,
People got too used to the dominant teams . The heat for 4 years. The cavs vs warriors where the meme was we'd be seeing them forever. If you look back to the early 2000s though youll see the gaps that great players and teams had especially the Spurs. There's always time. Hell LeBron didnt win till his 7th year.,analysis,
"I will never root for a player to get injured, but dude is asking for it",reaction,
"We saw Orlando Shaq and Lakers Shaq? None of us saw Wilt to say “we haven’t seen anything quite like it since Wilt’s prime.” Shaq is quite simply the most physical…strong NBA player ever seen. Cause he did his damage against the modern athlete. And even Lakers Shaq was among the most athletic players in the NBA. Agile, nimble, quick feet. All that. Wilt was wilt Wilt. But dude did not compete against the level of athlete Shaq did. To put it in perspective. Russell was much smaller and is never really in the most athletic freak conversations. Yet Russell regularly had monster games playing against Wilt. Wilt even had to adjust for Kareem. Imagine him going up against Shaq.",analysis,
"It’s very clearly what the league wants the refs to do, if the NBA wanted to endorse their own flopping rules, they would use the replay center or actually call the techs for flops. They put the rules in to make it look like they care but they don’t. Very similar to how the NFL let coaches challenge DPI for a year but literally never reversed their calls, even when it obviously wasn’t. Before people tell me “why would they want OKC to win, it’s a small market team”, I don’t know and don’t care, that’s the NBAs motives not mine, but it’s clearly happening and it’s plain to see.",hot_take,
"Last year they said OKC would be in the finals for the next 3-6 years. Couldn’t make it. Same was said about Boston the year before. And Denver before. People think just cause they did it once, they’d do it always. Unless you were GSW or a Prime Lebron lead team, it hasn’t happened. And if Knicks win this year, you’ll hear the same BS all year about “who’s going to beat them the next 3 years” only for them to be packed by someone 2nd round",analysis,
"Gilbert Arenas said he didn't have a problem retiring (he was injured of course so that helped), until the next season started and everyone else was getting ready and he had nothing to do. He said that screwed with his head to the point that he would get in his car and drive into the city and then back for no reason at all each day. I remember that in another interview, Wilt Chamberlain said he would do the same thing.",analysis,
"Retirement boredom, even in non-athletes, is one of the common topics discussed in r/financialindependence behind portfolio checks. Books like Die with Zero are often suggested to people so they can live the most meaningful and least regretful life.",analysis,
"A coach should have plays in their playbook for all kinds of situations. When you have a huge lead you want to run the clock, which quick 3s do not do. Instead of watching on the sidelines, especially with a young team, a coach should call a timeout and tell his team to run set plays instead of letting their guys run around like headless chickens chucking up any three they can. That was one of the worst coaching jobs I’ve ever seen, especially considering the context.",analysis,
"Honestly disrespectful using a hypothetical Popovich to shame Mitch Johnson for making the finals during his first season as head coach. Pop lost the 2013 finals by benching Tim Duncan on 2 consecutive defensive possessions while league officials were roping off the court to hand him the trophy. Popovich got bounced in the first round as the one seed in 2011 by refusing to play Splitter. Pop is the greatest coach in league history imo, but he was far from perfect. Mitch Johnson has a long way to go to be anywhere close to Pop’s achievements, but he has just as far to go to match Pop’s failures too.",analysis,
> Russell was much smaller and is never really in the most athletic freak conversations. Only by people who don't know what they're talking about. [Bill Russell](https://en.wikipedia.org/wiki/Bill_Russell#Track_and_field) was an Olympian-level high jumper (#7 in the world) and elite sprinter (49.6 in the 440).,analysis,
"Idk why Wemby has this irrational hatred for Chet, but he does and it’s something Chet is going to have to man up and deal with. Dude needs to get into the gym asap. Hes the same player he was his rookie year.",hot_take,
This happens to a lot of greats who have a long career. The public memory focuses more on the end of their careers than the beginning .,analysis,
"That's not true. Our biggest weakness is that we have absolutely no offensive scheme besides ""be better"". We don't do long ball movement chains, we don't really use pick and rolls much. We just rely on one of our guys being able to get into space and then kick it out. Once we stall out we have absolutely nothing to restart our engines, as you saw tonight (and have seen repeatedly throughout the playoffs).",analysis,
"When your team used to play shaq, Kobe, LeBron, KD, curry etc you would get dominated and hate them but begrudgingly respect the way they dominated you by being the best at what they do. Now you play OKC and get dominated on the flops and at the free throw line. It’s not impressive to watch or a spectacle. Mans got no aura to his game at all",hot_take,
The fuck you dunk at the end was so cathartic and I don't even like the spurs,reaction,
They really need to learn that you can't manufacture stars like that These calls are just unfair and fans watching aren't going to feel like they're watching a guy earn his place at the top because he's essentially just being given that spot It feels like watching mid 2010s WWE. Shai is Roman Reigns and Adam Silver is Vince McMahon frothing at the mouth while trying to cram him down our throats and screaming that he's the best thing ever,hot_take,
"I do wonder what the NBA Finals would have looked like if Pop was on the bench. Talent is, of course, the most important thing. The Spurs aren't in the Finals without Wemby. But, they also aren't champions. I think Pop would have told Wemby, ""Look. That dancing shit on the perimeter? Cute. You are 7'6 with shoes. Get your tall ass to the paint. If you shoot another three that is not wide open off a catch, you are going to the bench!""",hot_take,
Russell was an athletic freak.,reaction,
100% wanting the foul there.,reaction,
"Every few years we have some advanced metrics battle about the current MVP and how they are the most dominant player of all time or most efficient player of all time but unless you saw prime LeBron you don't know. Dude is the most dominant force I have ever seen on a court. If he wanted to score it was going in the basket. He single handedly turned the cavaliers from a lottery team to a ECF squad. Like actually when he left they went from the finals to last place in the league. SGA, Jokic, Giannis... They just never hit that.",hot_take,
Oh you're a basketball fan? Of course you hate OKC. I don’t even believe Thunder fans like it. It HAS to eat at them then their team is entirely dependent on letting them foul like crazy on defense and flop like crazy on offense. I've seen my team win on questionable calls and felt shitty. Having your team win a title on non stop bull shit has to kill them deep down. They have a two time mvp and he's rarely the most important player on the court for them.,hot_take,
"And the Knicks might well still win. That's up for speculation. There is no doubt that being tied 2-2 is more favorable than being down 1-3. And it's also a fact that the Spurs are the first team in Finals history to blow four double-digit leads. I don't state these things to take away from the Knicks. They won the games. What the hell were they suppose to do? Lose them? But, it's tough to believe that the Spurs wouldn't have been in a better position with a HOF coach.",analysis,
"Wining **73 games (89%) is a** milestone in any league, you need generational/historical talent to get there, SGA could be one, but Chet isn't. People forget how the Warriors were changing the NBA in those years, with the splash brothers.",hot_take,
"Spurs were dog shit before Wemby. 1. coming into work still needs to be fun. 2. No such thing as a coach keeping a job due to legacy, just ask Belichick. So while losing his wife may have kept him coaching,Wemby would’ve extended that runway",hot_take,
"> He has the same speed and athleticism as his OG Cleveland days Except he didn't. He was close enough that it didn't really usually matter, because he was still the best athlete in the league. But he was quicker and faster in Cleveland. You watch him in 2009, and his first step is unstoppable and he pretty much couldn't be contested at the rim. That's why the 2009 playoffs were the most efficient he was as a scorer until much later in his career when his 3 point shot improved, despite the fact that he had worse teammates with worse spacing so teams were able to pay more attention to him. He was playing with worse spacing and still dunked as many times in 14 games in the 2009 playoffs as he did in 21+ games in the 2011-2013 playoff runs.",analysis,
I feel like the last big thing missing from strategic analytics is variance. When you’re up so big you should be taking the lowest variance possessions you possibly can. It’s the direct opposite of “chuck 3s if you’re down big” but it doesn’t seem to be as intuitive. Probably because everyone is drilled these days that dribbling the air out of the ball then taking a middy is a terrible possession. Yet Spurs probably would’ve won if they just did that all of q4.,analysis,
#Fox. #should. #be. #ejaculated. #immediately.,reaction,
"Yeah when you're arguing a losing position where there is clear evidence, you just pretend it doesn't exist and then pop into the threads that back your claims like ""people on this sub who don't know ball still gonna act like Shai is a foul merchant despite this""",hot_take,
"It's either Kyrie or Allen for sure, game 7 for Kyrie and if Allen doesn't make it they lose the finals, but this one is top 5 at least",hot_take,
"I think we need another post of Charles telling us this is just good hard basketball the first 5 haven’t convinced people yet. Or, maybe we need 10 more “people just don’t like them because they’re so good” posts. I feel like /nba has been trying to gaslight me into not believing my own eyes with all the posts trying to defend this garbage the last few days",reaction,
Convinced that some random redditors would have done a better job coaching that 4th quarter including myself. Teams need to find legit coaches instead of filling the position up with the next man up on the coaching roster,hot_take,
"Especially when you add in the longevity. There have been a lot of freak athletes that have had been a flash in the pan, or never even made it to the pan (this is a crap analogy), because the body isn't designed to do the things they can do. I know the last few years of his career have been plagued by these nagging injuries, but he really avoided anything even moderate in nearly 20 years.",analysis,
"there should really be no debate at this point. People were taken by what a sensation MJ was, and he was inarguably the goat for a time, but objectively speaking he was a pure scorer who played in an era where help defense was illegal and the game was much less developed. Just imagine if Lebron had played his career against defenses that couldn’t help against him. Lebron has him beat in basically every metric other than ppg and championships. It’s only a reluctance to change opinions that makes it a “debate”.",hot_take,
"Garrett Temple. Respectable 16-year career. Hasn't made crazy money but enough to be comfortable. He will have future job opportunities in the league if he wants them, and he can go to grocery stores and coffee shops without being recognized.",reaction,
"But he would be, too",reaction,
"As a Spurs fan and NBA fan I will never not love Mike Breen but you could hear the fandom bleeding through all night tonight from his disgust at the first half blow out, how upset he was at how things were going, through his jubilation at the comeback and win. He is a pro and always tried to keep it so but he is a human and I’m happy for him as hurt as I am.",reaction,
*The bomb has been defused*,reaction,
"I really, really appreciated learning that chinese grizzlies fans called the grizzlies trio of David Roddy, Ziaire Williams, and Jake Laravia the ""three trash forwards"", or more literally ""the three wastes on the front line"". Fucking savage.",reaction,
Fr if professional sports were called by their own rule books the outcomes would be dramatically different. The NBA is the worst culprit but the NFL and NHL are also dogshit when it comes to manufacturing outcomes.,hot_take,
The original “He’s just a run and dunk guy”,hot_take,
This is the thing Thunder fans love to ignore. You straight up can't cover him. It's not even like he's baiting people in the air and drawing fouls. He just gets calls for people getting next to him. He gets more space than anyone I've ever seen besides non shooters,hot_take,
The comment I came here for,reaction,
THANK THE BASKETBALL GODS,reaction,
Of course it's OG,reaction,
"I genuinely want to believe that the actual gameplan was to draw out Wemby as deep as possible, with Brunson's objective to heave up a high-arc shot. The rest of the team crash the boards and take advantage of KAT's mismatch for a rebound. OG's play was a fun side-effect and probably the 3rd most probable outcome after KAT rebounding and Brunson actually hitting the shot.",reaction,
I miss actual basketball,reaction,
Curry to SA would be the modern equivalent to Ray Allen to Miami at the end of his career. Steph as an off ball catch and shoot 3 player with the ability to have ball handling responsibilities if needed would actually be ridiculous in San An.,analysis,
"That was the argument. You had the much more concentrated dominance of the Celtics, Lakers, kinda Pistons, Bulls, then Lakers. So, the Spurs 'never even going' back to back made the dynasty talk difficult. It wasn't until maybe 2013 did the longevity REALLY get the love.",analysis,
"There simply are genuinely times when ANYBODY at home could coach better. It happens a lot with football games too in the last 2/3 mins. Coaches choke and don’t handle clock management or anything right. Mitch was full-body breaking down out there. I legit think he was having a panic attack. He wasn’t talking to anyone, was awkwardly clapping when the Knicks were hitting clutch free throws, didn’t call timeouts when he obviously should’ve… he was way out of his depth",reaction,
When he was moving like this the only thing you could do was try and force him to take jump shots. If he took a jump shot that was a win on the possession. You just had to hope it didn’t go in or that means he was scoring 40.,analysis,
"I think everyone overrates wembys ability to stay in the paint. Hes not thin like his first year but he still “light”compared to a lot of the players who operate in the paint so he would have probably been injured by in the second round. It’s a tough situation where he is most effective but almost the most vulnerable in the paint, I’m glad I’m not a coach or medical staff because I wouldn’t know what to do. To potentially sacrifice health for success now or sacrifice success now for health later.",analysis,
Thats just a hard play off foul,reaction,
"As a Mavs fan I've cheered the Knicks as my secondary team since you guys got brunson, but I also fucking hate the spurs. True Mavs fans stand with Knicks fans and that was a complete bat shit crazy experience to watch",reaction,
"Absolute nonsense, both you and the commenter above you. I can only assign it to either cope and letting emotions take over or just not knowing ball at all Spurs set soooo many screens, especially 1) trying to get Brunson to defend Fox or other Spurs guards 2) to get Wemby on a smaller player and throw him a high ball as close as possible to the rim That 2nd option is exhausting for Wemby, Knicks did some great blitzing to make that pass to Wemby as hard as possible for Spurs guards. OG did some insane help job. Spurs shots just stopped falling all around. But saying Spurs didn’t try things that they clearly tried is just delusional",analysis,
Absolute heroics by him.,reaction,
Cue for LeBron alien pasta,hot_take,
i was screaming this all night. you have a double digit lead in the fourth. slow the fucking game down. its simple strategy. comes down to coaching imo. take a timeout and explain the situation to your young team.,reaction,
"The NFL doesn’t need to as much though because they are a behemoth and people love the game of football so much, they’ll watch even if their team isn’t playing. They benefit from scarcity. They set viewership records year after year basically regardless of who is good and who isn’t. The NFL will break viewership records for the next superbowl, even if Green Bay and Buffalo are the matchup. Market size doesn’t really affect them, nor do they live and die by super stars. Additionally, the NFL meta constantly changes. The game is not “solved” like basketball is where there is one clear winning play style (3s, FTs, layups). And if it were, the NFL isn’t afraid to change the rules (kickoffs, extra points). It’s very clear that the other big sports leagues still care about the sport itself, while Adam Silver views the actual sport of basketball as secondary to being an “entertainment product” to be consumed. I think this will genuinely hurt the NBA in the long run, even if short term gains might be good. I believe they’re basically mortgaging the future to try to build interest/fan engagement now.",analysis,
Anunoby will be a legend in NYC for the rest of his life,hot_take,
"Of course he wouldn't, the game pace is so different it's almost incomparable. But he was an athletic freak and we havent seen anything quite like it since Wilt's prime. Imagine a prime Shaq if he could run a 10.9 100m. Or a 7'1 Giannis with Dwight's strength.",analysis,
I’m going to sound like Jordan Stans but f it. Prime LeBron averages a 30 triple double if he plays in the live ball era we’re in now.,hot_take,
"Of all time. Proven by the fact that even now he’s still often physically dominant - barely any players who are both faster and stronger than him. He’s obviously declined, but his athleticism has been falling from such a high peak that he still has advantages",hot_take,
"People have been saying LeBron hasn't lost a step, as a compliment, for a decade, but that is a disservice to Lebron's younger self.",analysis,
"My theory is his style of play makes it so much easier to control game outcomes for sports betting. If the ref can control the game with foul calls, he can keep the score close to increase best placed and decide the winner. That’s why the nba is moving in this direction.",hot_take,
"Steve Kerr for all the stacked rosters has proven to be a really sound tactician and is generally right about if players are “winning” players. I really think 2022 was his masterpiece tactically as he ran laps around Ime, and overall has had an answer to pretty much everything besides Megatron LeBron and Kyrie on a heater.",analysis,
I’m honestly thinking it might be better to just not guard him close at all. Just enough space where he can’t just walk in and lay it up obviously but don’t get near him at all otherwise and just make him make the shots. I bet his ppg goes down.,analysis,
"Define ""late"" though - He became a ""good"" 3pt shooter in Miami, was basically league avg in CLE pt2, then went above average again at the Lakers - Given the era he played in he's basically been a good shooter most of his career",analysis,
"As a Cavs fan who loves LeBron, I still think the ""Finals to last place"" narrative is one that wasn't totally fair. When LeBron left after ""The Decision"", the team didn't just lose LeBron, their entire strategy for how to build the roster was decimated and they decided to just nuke the team from orbit and tank hard (which led to getting Kyrie, and ironically, getting LeBron back). I forget the exact number, but something like 11 of the players who were rostered at the end of 2010 were not on the roster 1 year later. The team would have been bad without LeBron anyway, but probably not worst in the league bad if they had kept everyone else and tried to retool on the fly to max their wins instead of tanking to max their ping pong balls.",analysis,
I'm not a spurs fan but man thank God. Shai is the worst MVP I have ever watched play with the absurd flopping. Dude had a wide open three and still jumped 5' sideways into the defender on purpose.,reaction,
> A game winning shot in the clincher by the GOAT. To complete the second threepeat and his entire career as a Bull and cement his GOAT status. Yeah hard to top that as the most iconic shot in NBA history.,reaction,
">The only thing I can think of was that he was not a great shooter early on. Which would be a fair knock on the category of ""skill level"", but when you add in the quality of his handle, his passing touch, his hands for catching lobs... He was clearly an immensely skilled player, just not quite at peak level in one particular area.",analysis,
You need to slap an ankle monitor on him for the off-season that requires him to be in the gym or at the buffet table,reaction,
Holy shit,reaction,
Lebron actually said that the Solomon Hill ankle injury he suffered in 2021 has permanently damaged his ankle and it’s “never been the same”. Which is to say that it makes his play all the more impressive since he is still a plus player.,analysis,
"Hard to envision them not getting back. This is a very young team that’s already ahead of schedule. Its crazy to think, but this is probably the worst the Spurs will be for the foreseeable future",reaction,
"Bruh Bron, especially at Miami, was a 1-5 player. He could play and guard from 1-5 on the court. Wilt could’ve never played the point like that. He’s hand eye coordination and feet movement puts him above Wilt. Bron pretty much had Dwight Howard’s strength too lol. He’s the ultimate athlete.",hot_take,
Brunson will likely win it but OG’s finals will be remembered forever because Knicks lose this series if not for OG. Jaylen Brown’s finals mvp run is forgettable compared to what OG is doing (2024 finals was a dud),hot_take,
Shai “Joel Embiid” Gilgeous Alexander,reaction,
"i dont really read that many articles from ESPN (or American newspapers in general) but is it common in these type of texts for the author to use ""I"" and ""me"" that often? Like ""I asked"", after a question, for me it seems kinda weird to make yourself (the author) a part of the story, when i started out writing i learned that that was bad style",analysis,
"he could’ve tried to run out as much clock as possible, Knicks would’ve been forced to foul him and give him 2 FTs, potentially putting them up 3pts. instead he takes a stupid ass lay up attempt and gives the ball back to the Knicks with 5 seconds left.",analysis,
"They have so to something about this shit right now, this is ridiculous. If the Spurs find themselves in a discussion where the series is unwinnable I hope they just start throwing themselves all over the floor and make a total farce out of it since it basically already *is*.",reaction,
Best pure athlete across all of sports history tbh.,hot_take,
"Fun fact, teams used to do this to the extent that the shot clock had to be invented to keep the game watchable. The lowest scoring game ever was 19-18 bc the teams purposely just held the ball for so long.",analysis,
"I think LeBron's greatness has come in three distinct parts. First, his extraordinary athleticism, which in his prime almost no one could match. Later, his understanding of the game, with a mastery of in-game tactics and series-wide strategy that again very few have equaled. And last, his incredible longevity to still play at an all-star level into his 40s, which no one has ever done before. Any one of these three would have made for a great career, and any two would lock up a Hall of Fame selection.",analysis,
"It was so bittersweet seeing the LeBron look THAT ready for the playoffs. Don't think LA beats OKC regardless, but people said he looked finished as a big contributor. Only for him and the role players to give everything and gut out a series win, keep up with OKC until they always gassed out in the 4th. The most tired, technically lacking LeBron I've ever seen but he just knows how to win. Would've just liked the full squad healthy, Luka and AR completely shift everything. Though every team would feel like that lol",reaction,
My flabbers are forever gasted,reaction,
"This was the era where you still had multiple slow, lumbering bigs on the floor and LeBron would get criticized for being \*too\* good of a passer because he was so unguardable going to the basket it really seemed like he could have averaged 40 a game",hot_take,
"The contexts are also different. Pitches are several times larger than courts and so refs aren’t going to be as close to be able to see trips and excessive contact, especially at speed. Plus there is a certain caliber of wing attacker in particular that it can be argued needs to flop (see: Hazard, Eden; Yamal, Lamine) to keep defenders honest because the only way to stop them in open space is through butchery.",analysis,
"OG has been the most stable and consistent player on the knicks basically since he joined. His career in the raptors was the same too. Not flashy, just pulls up and plays solid fundamentals from start to finish",analysis,
Their biggest weakness is every single person on the team would rather go for a 1v3 on a fastbreak for a highlight play instead of slowing down and waiting for the rest of the team to catch up. It's happened maybe 10 times this series alone,reaction,
"And the thing is..not that I’m biased, but.. San Antonio looks poised to become a dynasty. Wemby does things on the court that no one has ever done, and dude cares so much he cries. Hes not a robot as an interview and he’s interesting. Hes everything the league could want in a superstar. Castle is electric. Harper is smooth as butter. They make offense and defense exciting. And Wemby has the causals curious. You would think \*this\* would be the team the NBA wants in the finals.",hot_take,
"Imagine being 24, just went 3-0 up vs the MVP, going to sit in the locker room, taking out your phone and seeing 30 million dollars in your bank account, then opening instagram and seeing 1000+ message requests, all 10/10 girls shooting their shot and you just ignore it and respond to ur childhood bball teammate sayin ""good looks bruh"", then you get a text from kendell jenner talking about how she misses getting fucked by you, but you're too busy to reply (""i gotta go shower, take a shit, eat etc. i'll prob reply to her later man.."") so you leave it on ""unread"", then you stand up to get dressed but the key to your lamborghini falls out your pocket and you pick it up annoyed (FUCK bro, this shit is so annoying, I need a key ring) and throw it in your gym bag like it's a piece of candy or something..",reaction,
This guy made dunking on a 10ft hoop with a full sized basketball against a team of top level defenders seem no different than us dunking our 5ft door-mounted mini hoop in our bedrooms when we wake up.,reaction,
All of these guys put up these numbers the previous year before joining LeBron ​Luka: 34 / 9 / 10 ​I. Thomas: 29 / 3 / 6 ​Wade: 27 / 5 / 7 ​Love: 26 / 13 / 4 ​A. Davis: 26 / 12 / 4 ​Bosh: 24 / 11 / 2 ​Hughes: 22 / 6 / 5 ​Russ: 22 / 12 / 12 ​Jamison: 22 / 9 / 2 ​Kyrie: 21 / 4 / 6 ​Schröder: 19 / 4 / 4 ​Harrell: 19 / 7 / 2 ​D. Rose: 18 / 4 / 4 ​Shaq: 18 / 8 / 2 ​Big Z: 17 / 8 / 2 ​Dwight*: 17 / 13 / 1,analysis,
Arsenal haram ball and OKC terrorism stopped on one day. Counter terrorists have won,reaction,
NBA changed the rules to nerf Shaq. He is the only player in the past 30 years that the NBA actively worked against because of how unstoppable he was. Made even more ridiculous that only after Shaq retired that the NBA decided the hack a shaq strategy was degenerate and got rid of it,analysis,
"Thank you for posting this; my jaw hit the floor like 5 times in the first minute of the clip. Even 20 years later, I don’t think anyone is close to this combination of size, fluidity and athleticism. Who do you all think is the closest in the NBA today?",reaction,
"I said young shaq was the closest freak athlete to LeBron I’ve ever seen live, and the amount of comments and downvotes saying shaq was a bigger freak is staggering. Most upvoted comments being because he broke backboards. I’m not a nephew, I’ve watched both in their athletic prime, and LeBron is on a different level.",hot_take,
"Yeah, most of Wilt's stories are pretty clearly untrue. His weightlifting stuff is almost certainly exaggerated (his reported number would have made him the second-strongest weightlifter in the world while casually doing reps without a warmup), and most of his track and field stuff is completely unverified. Hell, we've got records of college and highschool track for the time, and Wilt isn't anywhere to be found, despite most of his claimed numbers winning events.",analysis,
That send dunk is absolutely insane. Dunkin from that distance through defense and double clutching it is mind-blowing,reaction,
again players need to learn to start falling on him every time he falls. Make his body pay for this shit if they're gonna blow the whistle anyway.,reaction,
"If he burns like 3 seconds there'd be 9 left not 2.7. I also don't think there's much of a chance to burn that much when OG is only a step behind him. Realistically if he doesn't put the layup up, there's probably 10 seconds left and having to hit 2 FT's. Higher probability he makes the layup than 2 FT's and the time difference is pretty negligible",analysis,
"Wilt could dunk free throws on one step, they literally had to change the rules. *edit for the down voters. He is why the basketball must go through the hoop or at least hit the rim before the shooter crosses the free throw line.",analysis,
He played more than 48 minutes per game (due to overtime games and playing almost all of every game he played in),analysis,
